Date	Game	Stream #	src1	src2	src3
Mon, 10/02/2017	Cuphead				youtu.be/WyHlkpD2iwg
Tue, 10/03/2017	Hob	1			youtu.be/5zdWoNQniUo
Wed, 10/04/2017	Hob	2			youtu.be/KbWi_wibdQU
Fri, 10/06/2017	A Hat in Time	1			youtu.be/vQiQ_dtZe_0
Sun, 10/08/2017	Enter the Gungeon	1			youtu.be/M1TKVqym0AY
Sun, 10/08/2017	Ruiner	1			youtu.be/M1TKVqym0AY&t=9174s
Mon, 10/09/2017	Dr. Langeskov, The Tiger, and The Terribly Cursed Emerald: A Whirlwind Heist				youtu.be/6C_l4WsHJ2U
Mon, 10/09/2017	Ruiner	2			youtu.be/6C_l4WsHJ2U&t=1182s
Tue, 10/10/2017	Shovel Knight: Shovel of Hope				youtu.be/SQH1GaoCle4
Thu, 10/12/2017	NieR:Automata	1			youtu.be/W2sQ9T2K_jE
Fri, 10/13/2017	NieR:Automata	2			youtu.be/WtBXfkVPrQk
Sat, 10/14/2017	NieR:Automata	3			youtu.be/iSsJtK8Be5Q
Sun, 10/15/2017	NieR:Automata	4	peertube.nodja.com/w/2bci5kJXAzqCeWwaYKLALY		youtu.be/ieZAmoLOHsQ
Mon, 10/16/2017	NieR:Automata	5	peertube.nodja.com/w/2T6Py4ZroJjKA4gHeCGAU1		youtu.be/Jxn-UFt6nL4
Tue, 10/17/2017	NieR:Automata	6	peertube.nodja.com/w/ttc998n4S4ogxtuahqmwDV		youtu.be/mz0k4yHLGLM
Tue, 10/17/2017	Mark of the Ninja		peertube.nodja.com/w/ttc998n4S4ogxtuahqmwDV?start=1h43m19s		youtu.be/mz0k4yHLGLM&t=6202s
Fri, 10/20/2017	The Evil Within	1	peertube.nodja.com/w/2eoagQ7G3HDv6Twa5Ep3jE		youtu.be/Dj2iVRBJbVE
Sat, 10/21/2017	The Evil Within	2	peertube.nodja.com/w/xxoCtCxcsW6Ldu7vJwztU5		youtu.be/4ye1U7DyzaI
Sun, 10/22/2017	The Evil Within	3	peertube.nodja.com/w/p/xr2GfaGhHtAXFQTPhbienH?playlistPosition=3		youtu.be/zAtt3tjdEWQ&list=PL5w7NWMnseDqEdzbaJOSt7niWUVmyFGu3&index=6
Mon, 10/23/2017	The Evil Within	4	peertube.nodja.com/w/487hd8uR1SkMwxvXiyCBC6		youtu.be/sqAp9SSYS1s
Tue, 10/24/2017	The Evil Within 2	1	peertube.nodja.com/w/taN5kVeDUeaMA5vgo6Pv7N		youtu.be/u2EUUKHe88w
Wed, 10/25/2017	The Evil Within 2	2	peertube.nodja.com/w/qCeVdVz57GjWivQZQyeqA1		youtu.be/fFC3Ajd2lUw
Thu, 10/26/2017	The Evil Within 2	3	peertube.nodja.com/w/p/cTtmEc7QoKdB1zfijejfgm?playlistPosition=3		youtu.be/aZLW2RgoH04&list=PL5w7NWMnseDqEdzbaJOSt7niWUVmyFGu3&index=11
Fri, 10/27/2017	Super Mario Odyssey	1	peertube.nodja.com/w/p/mshwXdrEoEgWNBBs76FbMj		youtu.be/IcenLqymSGM
Sat, 10/28/2017	Super Mario Odyssey	2	youtu.be/TtyUjWUUK2Y		youtu.be/9efEZqSbpOc
Sun, 10/29/2017	Super Mario Odyssey	3	youtu.be/oTMzDKHOVkw		youtu.be/9mW_m7vCze4
Mon, 10/30/2017	Super Mario Odyssey	4	youtu.be/zO4KN4puInM		youtu.be/VzR6VTd6S9M
Tue, 10/31/2017	Resident Evil 7	1	peertube.nodja.com/w/xsAsrrL1DAbTiUamLMnB81		youtu.be/oONVTBSijac
Wed, 11/01/2017	Resident Evil 7	2	peertube.nodja.com/w/37HBKSCxVk1WUi92LzJFB6		youtu.be/3ysXXKbstbc
Wed, 11/01/2017	The Evil Within 2	4	peertube.nodja.com/w/95E9usJY13sfWgeKMAxb1y		youtu.be/UedWTPuFQzw
Thu, 11/02/2017	The Evil Within 2	5	peertube.nodja.com/w/75gsMe8ySszqkbPZndWrfZ		youtu.be/RpT3VYVSeRY
Thu, 11/02/2017	Opus Magnum		peertube.nodja.com/w/xcm1ZazGctJU1GPgNkccfS		youtu.be/R1qWzvVtSmw
Fri, 11/03/2017	Oxygen Not Included	1	peertube.nodja.com/w/xcm1ZazGctJU1GPgNkccfS?start=40m8s		youtu.be/R1qWzvVtSmw&t=2384s
Fri, 11/03/2017	The Evil Within 2	6	peertube.nodja.com/w/53DR9VkcMsB7Ym3ybjNX32		youtu.be/4jPl3vdUl-g
	Hyper Light Drifter	1	peertube.nodja.com/w/ixMRMoZBmc36dYZpoduVEK		youtu.be/koCR9TbExHs
Sat, 11/04/2017	Hyper Light Drifter	2	peertube.nodja.com/w/5dGWt8rs4XhCXJFEY8KhBq		youtu.be/PGUABL-BNzg
Sun, 11/05/2017	Assassin's Creed Origins		peertube.nodja.com/w/p/fNsgKCLZk4pr8zS9RJTbqP?playlistPosition=1		youtu.be/dn6pY4Uu0kQ&list=PL5w7NWMnseDqEdzbaJOSt7niWUVmyFGu3&index=24
Mon, 11/06/2017	The Stanley Parable		peertube.nodja.com/w/qk62YDa8sjz3FjXG2G1pP3		youtu.be/oauHqv271QQ
Tue, 11/07/2017	Nioh	1	peertube.nodja.com/w/44XAw1KGqU8Ykw4fZqhihc		youtu.be/hhhCy1TCXuU
Wed, 11/08/2017	They Are Billions	1	youtu.be/25r4CPHNV-Y		youtu.be/wjM0zdBdads
Wed, 11/08/2017	Hotline Miami		youtu.be/25r4CPHNV-Y&t=3269s		youtu.be/wjM0zdBdads&t=3911s
Thu, 11/09/2017	Nioh	2	peertube.nodja.com/w/kz9MyuYQKKgCmhq16qYicc		youtu.be/h0yOW9Cpmro
Fri, 11/10/2017	Nioh	3	peertube.nodja.com/w/g85EvFNdWEaTAt7BkGc4Kh		youtu.be/Xf9YCjasEa8
Sat, 11/11/2017	Nioh	4	peertube.nodja.com/w/h72nTDAGrja84Q4opjm6Nm		youtu.be/en1zmyGict0
Sun, 11/12/2017	Nioh	5	peertube.nodja.com/w/5Erh6V5Rck1Yz24wWzzRv2		youtu.be/abPLuuL30YI
Mon, 11/13/2017	Titanfall 2		peertube.nodja.com/w/p/7XVGCf9AseAb3y89H94eYZ?playlistPosition=1		youtu.be/fdYIPpO875k&list=PL5w7NWMnseDqEdzbaJOSt7niWUVmyFGu3&index=33
Tue, 11/14/2017	Nioh	6	peertube.nodja.com/w/98Kf5SddRaYMt3xfA4SDt6		youtu.be/iFA67Onr7Nc
Tue, 11/14/2017	They Are Billions	2	peertube.nodja.com/w/eCBMBHLF8RoSDTPNVifLkj		youtu.be/lTaFzmRL60o
Thu, 11/16/2017	Nioh	7	peertube.nodja.com/w/pGVqfNYo6nLqerspQwuVzf		youtu.be/wk_J88eXNLE
Fri, 11/17/2017	Nioh	8	peertube.nodja.com/w/uMUtQnxKcjB5hZ19zTfrkW		youtu.be/xBQOjHv75Bw
Sat, 11/18/2017	Nioh	9	peertube.nodja.com/w/ckmktWadtffEb78a65FKgT		youtu.be/O8Ohe-m5DZ0
Sun, 11/19/2017	Nioh	10	peertube.nodja.com/w/38JbHHE8PFJiCQttzFpRPk		youtu.be/wPb9DgRuiew
Mon, 11/20/2017	Nioh	11	peertube.nodja.com/w/popzMkmZqkvuq7L5FbdFYm		youtu.be/NaQv0N-dTDU
Mon, 11/20/2017	Oxygen Not Included	2	peertube.nodja.com/w/r2pP9o6mDf3D3N1V95147n		youtu.be/fckFexpkd04
Tue, 11/21/2017	Undertale	1	youtu.be/4iYxNG0go-8		youtu.be/n1jhQhYdp0U
Wed, 11/22/2017	Undertale	2	youtu.be/0LdcZSN1_9w		youtu.be/HccorxQKWj4
Fri, 11/24/2017	Undertale	3	youtu.be/rSI__al9RrE		youtu.be/TSRC_pkMLC4
Sat, 11/25/2017	They Are Billions	3			
	Stardew Valley	1			
Sun, 11/26/2017	Darkwood	1	youtu.be/rHk7n-7Na_Y		youtu.be/wZA5jxF8DD4
Mon, 11/27/2017	Darkwood	2	youtu.be/q8gu80Q7nXM		youtu.be/h0mqaskFK0Y
Wed, 11/29/2017	Stardew Valley	2	peertube.nodja.com/w/oU6j6z5smaabSML28sP5VW		youtu.be/jwdHiYMYRU4
Wed, 11/29/2017	Stardew Valley	3			
Thu, 11/30/2017	Super Mario Galaxy				
Thu, 11/30/2017	Super Mario Galaxy 2		youtu.be/LATBx23FK_k		youtu.be/DgMLzcu8v44
Fri, 12/01/2017	Xenoblade Chronicles 2	1	youtu.be/uUhLzusVi1A		youtu.be/7YB9EymICgw
Sat, 12/02/2017	Xenoblade Chronicles 2	2	youtu.be/LimRWCQCxag		youtu.be/go97X20VFBA
Sun, 12/03/2017	Xenoblade Chronicles 2	3	youtu.be/BNbhn1cLc-Y		youtu.be/WFqJQILmufQ&list=PL5w7NWMnseDqEdzbaJOSt7niWUVmyFGu3&index=63
Mon, 12/04/2017	Doki Doki Literature Club!		youtu.be/7Fyp3vkq0bg		youtu.be/W4j3xUczaag
Wed, 12/06/2017	Xenoblade Chronicles 2	4	youtu.be/uVINI8wWLdE		youtu.be/XmSve-dBAnI
Thu, 12/07/2017	Xenoblade Chronicles 2	5	youtu.be/546yzvHdjCw		youtu.be/tlHHJADvUso
Thu, 12/07/2017	2017 Game Awards		peertube.nodja.com/w/kSNzrof4kyzcgWQ4MZpZLz		youtu.be/2I6k0BIpOUc
Fri, 12/08/2017	Breath of the Wild DLC 2	1	youtu.be/r_J3MdzElQ8		youtu.be/uofy7UxBBH0
Fri, 12/08/2017	Breath of the Wild DLC 2	2	youtu.be/pW6opR4lliQ		youtu.be/l5TUvCXsO3M
Fri, 12/08/2017	Hello Neighbor		youtu.be/cgjxOYRuV0A		youtu.be/pyXkUIQdF0Q
Sat, 12/09/2017	Xenoblade Chronicles 2	6	youtu.be/e_vhQwJgPwA		youtu.be/6MyQLWsT28g
Mon, 12/11/2017	Metal Gear Rising: Revengeance				youtu.be/YUJaT3q72R8
Wed, 12/13/2017	Xenoblade Chronicles 2	7	youtu.be/acdMO0hlVTs		youtu.be/pY_xfxg4rnc
Thu, 12/14/2017	Xenoblade Chronicles 2	8	youtu.be/FtEYzeJU-eI		youtu.be/Eb2q7NcTfJU
Fri, 12/15/2017	Xenoblade Chronicles 2	9	youtu.be/iOEL4PRaHtQ		youtu.be/sjCDM-29E8o
Sat, 12/16/2017	Xenoblade Chronicles 2	10	youtu.be/RtwKIlhtwqk		youtu.be/o5Errwsck3w
Mon, 12/18/2017	Antichamber		youtu.be/4aENXZyd34o		youtu.be/IQNOf1Yz6PY
Tue, 12/19/2017	Xenoblade Chronicles 2	11	youtu.be/kGBpTq9knyk		youtu.be/bMV4HmIxWcs&list=PL5w7NWMnseDqEdzbaJOSt7niWUVmyFGu3&index=80
Wed, 12/20/2017	Xenoblade Chronicles 2	12	youtu.be/hLgPWRIQKBE		youtu.be/08Y9CdPV5wA&list=PL5w7NWMnseDqEdzbaJOSt7niWUVmyFGu3&index=81
Wed, 12/20/2017	Clicker Heroes	1			youtu.be/c5d7TDcIoJk
Sat, 12/23/2017	Xenoblade Chronicles 2	13	youtu.be/OkjqnYbKpV8		youtu.be/aKqJxzMMeLA
Sun, 12/24/2017	They Are Billions	4	peertube.nodja.com/w/uhngNq4ER4E2fLeJgzsBZ6		youtu.be/tcnmJkKXhhg
Sun, 12/24/2017	"Don't Starve"	1	youtu.be/nAY6uHAuuuI		youtu.be/xf7yuC9u2Z4
Mon, 12/25/2017	Gorogoa		peertube.nodja.com/w/718qw4X5vFWpFPoRdD589G		youtu.be/bXC97jvrreE
Mon, 12/25/2017	Getting Over It	1	peertube.nodja.com/w/718qw4X5vFWpFPoRdD589G?start=1h53m19s		youtu.be/bXC97jvrreE&t=6786s
Wed, 12/27/2017	Getting Over It	2	peertube.nodja.com/w/u6aQ5CWdWL2ccDigqNZAPZ		youtu.be/08o8iWr9JoU
Thu, 12/28/2017	They Are Billions	5	peertube.nodja.com/w/ujq5f8swt1ARfbnYhFokP6		youtu.be/JW3hjScZ898
Fri, 12/29/2017	Getting Over It	3	peertube.nodja.com/w/p/vdTxjKpdZmJP79j3tj5X8d?playlistPosition=3		youtu.be/mntwElKk3DA&list=PL5w7NWMnseDqEdzbaJOSt7niWUVmyFGu3&index=91
Fri, 12/29/2017	They Are Billions	6	peertube.nodja.com/w/4UxhL3yNPBU14PVrCrds5e		youtu.be/oM-5gCb3MbA&t=1873s
Sun, 12/31/2017	Getting Over It	4	peertube.nodja.com/w/idUkY6Hnw8L39XUAv9yjeU		youtu.be/EBZnE0jfV6s
Tue, 01/02/2018	The Beginner's Guide		peertube.nodja.com/w/huXy7XPChU74Tcgpv4mVHQ		youtu.be/Z6c6VwEeQdc
Tue, 01/02/2018	Getting Over It	5	peertube.nodja.com/w/huXy7XPChU74Tcgpv4mVHQ?start=2h21m49s		youtu.be/Z6c6VwEeQdc&t=8489s
Wed, 01/03/2018	Don't Starve	2			
Wed, 01/03/2018	Recettear	1			youtu.be/UnT6XByIWK0
Thu, 01/04/2018	Recettear	2			youtu.be/ap9Wbnqsoic
Fri, 01/05/2018	Recettear	3	peertube.nodja.com/w/ieCf87ZVtrHBEBTniXnPGp		youtu.be/hdpwHXdubTw
Tue, 01/09/2018	Terraria	1	peertube.nodja.com/w/ixQ1WsGcJnxhqotNJ1dxup		youtu.be/4QPdfysqhlM
Wed, 01/10/2018	Recettear	4	peertube.nodja.com/w/7UPjBaLJT6PiiNcUbBd9LW		youtu.be/S8ZQOt5vPPM
Thu, 01/11/2018	Recettear	5	peertube.nodja.com/w/uEvkTdjEj1orMwpUvqT15e		youtu.be/NNSwWEoQjkE
Fri, 01/12/2018	Terraria	2	peertube.nodja.com/w/2EJdjLNnYmV8AZQV2PLLTm		youtu.be/Mpj40VCyB4o
Sat, 01/13/2018	Terraria	3	peertube.nodja.com/w/12t6VEXFa1HgLgdz29wf89		youtu.be/QWtSXFlSXTw
Sun, 01/14/2018	LISA: The Painful	1	peertube.nodja.com/w/vwSbCYqv2snbvpbCMW8Cf8		youtu.be/Zum5sqEcXeE
Mon, 01/15/2018	LISA: The Painful	2	peertube.nodja.com/w/5KQBpjgZYW5yBD7c4NXEeT		youtu.be/JCHxJM034bI
Wed, 01/17/2018	LISA: The Painful	3	peertube.nodja.com/w/1i2Ga9wjziBi3kkAi7SefZ		youtu.be/xdr8_k84JU8
Thu, 01/18/2018	Terraria	4	peertube.nodja.com/w/rSi7HvaUcH1P7XTMKrgrzm		youtu.be/zEUopOLoVYY
Fri, 01/19/2018	Terraria	5	peertube.nodja.com/w/wfNoTVg3Cr3p3XQisFS5Re		youtu.be/NdUTpJp1cvw
Sat, 01/20/2018	Terraria	6	peertube.nodja.com/w/5eeBRMHPrLQSoteyayD8t1		youtu.be/Tuh6JkNdktc
Sun, 01/21/2018	Terraria	7	peertube.nodja.com/w/iSo7U9ZwQvdrVsWVS6RALu		youtu.be/8FmCXGvUPAY
Tue, 01/23/2018	Iconoclasts				
Tue, 01/23/2018	Subnautica	1	peertube.nodja.com/w/dsNERXPbeirw3wBBhLGNxF		youtu.be/LFYhOp-v-v0
Wed, 01/24/2018	Subnautica	2	peertube.nodja.com/w/cBvFuW1UhJr1VbvZRRvrPA		youtu.be/jPImMJ8rCsM
Thu, 01/25/2018	Subnautica	3	peertube.nodja.com/w/uVNGciXhXNC7jvg3s2oNJm		youtu.be/0lzSPCQuwwE
Thu, 01/25/2018	Monster Hunter: World	1	youtu.be/renzYuRbbf0		youtu.be/15YEK3-vEsY
Fri, 01/26/2018	Monster Hunter: World	2	youtu.be/MHwrLltkN6k		youtu.be/FhXwUvCfkOU
Sat, 01/27/2018	Monster Hunter: World	3	youtu.be/ijMuaX8dEL4		youtu.be/ll4bA0Rl8zA
Sun, 01/28/2018	Subnautica	4			youtu.be/UgZcS4cnSQg
Sun, 01/28/2018	Factorio	1			youtu.be/fxXOHpb_cb8
Tue, 01/30/2018	Subnautica	5			youtu.be/XeZkhgA5cgc
Wed, 01/31/2018	Subnautica	6			youtu.be/eDX5kuqjEl8
Thu, 02/01/2018	Terraria	8	peertube.nodja.com/w/uXZeP5zekq1gLMyYxsPFY7		youtu.be/POPNNikUi6w
Fri, 02/02/2018	Celeste	1	peertube.nodja.com/w/7KQ8CVwYi7hvE4NbhhVfpr		youtu.be/5JVX8kFzrew
Sat, 02/03/2018	Celeste	2	peertube.nodja.com/w/snpEr1E231gzx9E4MYpRpJ		youtu.be/Uj2EiQ6yVJI
Tue, 02/06/2018	Papers, Please		peertube.nodja.com/w/oywGbS5cQtdDSEgtrRaAb4		youtu.be/ZJivbmiPR_M
Wed, 02/07/2018	Shadow of the Colossus		peertube.nodja.com/w/47pdrb9Qind5bReHoMH6CS		youtu.be/UvfEZGAnzkg
Thu, 02/08/2018	Celeste	3	peertube.nodja.com/w/bcim9Q846jneczn8ibS4BK		youtu.be/KECc28rKByI
Tue, 02/13/2018	Celeste	4	youtu.be/tAsa5_c_QLw		youtu.be/dDX_b5Ptarc
Wed, 02/14/2018	Persona 5	1			youtu.be/BlntZtGNFdY
Thu, 02/15/2018	Persona 5	2			youtu.be/H3rMUO33axc
Fri, 02/16/2018	Persona 5	3			youtu.be/iaQ4vuxjRR8
Sat, 02/17/2018	Persona 5	4			youtu.be/LBYcGzqq-RQ
Tue, 02/20/2018	Persona 5	5			youtu.be/sVAgu6BiYCs
Wed, 02/21/2018	Persona 5	6			youtu.be/8jMIBGQDSMk
Thu, 02/22/2018	Persona 5	7	youtu.be/pThIl2fN87M&feature=youtu.be		youtu.be/eCk-jzWP3kA&list=PL5w7NWMnseDqycCKzNeQ3EwwTV5SRBtEE&index=40
Fri, 02/23/2018	DOOM 2016	1	peertube.nodja.com/w/dkeCKDPKTUR5nLxV4USwnt		youtu.be/0HDS1c5QgVQ
Sat, 02/24/2018	Persona 5	8	youtu.be/nfAB2HN1NY0		youtu.be/NlSg0CW_MS0
Tue, 02/27/2018	Persona 5	9	youtu.be/qacRK_YHrXY		youtu.be/qGQvRuZsr1Y
Wed, 02/28/2018	Persona 5	10	youtu.be/GmueiiPM7rM		youtu.be/rE2tBQKg30I&list=PL5w7NWMnseDqycCKzNeQ3EwwTV5SRBtEE&index=45
Fri, 03/02/2018	Persona 5	11	youtu.be/b4QgVMUkqn4		youtu.be/ry2mTR7-6vM
Sat, 03/03/2018	Persona 5	12	youtu.be/kcf2SdlpxTQ		youtu.be/aA6pAFZMiaI
Sat, 03/03/2018	Clicker Heroes	2	peertube.nodja.com/w/hnyx3bST8cJVYjswRjpypc		youtu.be/lKTuECTVqec
Tue, 03/06/2018	Persona 5	13	youtu.be/4IlUb_S8rDQ		youtu.be/dLp9K6XY010
Wed, 03/07/2018	Persona 5	14	youtu.be/MhGAco48Rwc		youtu.be/DMuo2eHytOs
Thu, 03/08/2018	Persona 5	15	youtu.be/-xvD3qF1VMs		youtu.be/jfzqeuxsWjQ
Fri, 03/09/2018	Persona 5	16	youtu.be/lR4-0ML0-OQ		youtu.be/DdmVZl4Wdis
Sat, 03/10/2018	Persona 5	17	youtu.be/CGQQoiJqnOo		youtu.be/N1Q8_evClqU
Wed, 03/14/2018	Persona 5	18	youtu.be/Nyc8v5xV0og		youtu.be/F4HjVRkPwlk
Thu, 03/15/2018	Persona 5	19	youtu.be/WTzQBpXnJ84		youtu.be/9P9VlH8DBn4
Sat, 03/17/2018	Persona 5	20	youtu.be/GuFj0JKdaoQ		youtu.be/NDqVHgRwgsE
Sun, 03/18/2018	Persona 5	21	youtu.be/O3MTr5Kjft0		youtu.be/ckIwvua4N88
Tue, 03/20/2018	Persona 5	22	youtu.be/xZgZyKaEwIs		youtu.be/XevUjp--RXo
Thu, 03/22/2018	Persona 5	23	youtu.be/OUTII13-xec		youtu.be/A_9_M9FHAgo
Fri, 03/23/2018	Persona 5	24	youtu.be/Cj9VDCcsv1o		youtu.be/KOjooFezRVw
Sat, 03/24/2018	Persona 5	25	youtu.be/sC8e_G_yCbI		youtu.be/29TA_WXAa9I
Tue, 03/27/2018	Persona 5	26	youtu.be/4GQfqXcLNo4		youtu.be/kheOV44PRiY
Wed, 03/28/2018	Persona 5	27	youtu.be/mkfUlsG58O8		youtu.be/A8MjFueV6-c
Thu, 03/29/2018	Persona 5	28	youtu.be/O0op6CSJO4s		youtu.be/2VJPcZ70o9U
Fri, 03/30/2018	Persona 5	29	youtu.be/9n3lbwawKIQ		youtu.be/U3STM_t1Jck
Sat, 03/31/2018	Clicker Heroes	3	peertube.nodja.com/w/tcBt369k3qu8MD7G16xFfR		youtu.be/yG-O1wVHJuk
Thu, 04/12/2018	DOOM 2016	2			youtu.be/ylVZsesXUko
Mon, 04/16/2018	God of War	1			youtu.be/HQ3PcZetmkI
Tue, 04/17/2018	God of War	2			youtu.be/E7f1kyFynBc
Tue, 04/17/2018	God of War 2	1			youtu.be/c_Tu40eg5O4
Wed, 04/18/2018	God of War 2	2			youtu.be/EMc77f0-hQs
Wed, 04/18/2018	God of War 3	1			youtu.be/ugLHJs58ks8
Thu, 04/19/2018	God of War 3	2			youtu.be/8HK_LzwpJiA
Fri, 04/20/2018	God of War 2018	1			youtu.be/G8uD-4foLig
Sat, 04/21/2018	God of War 2018	2			youtu.be/fOXE8x-GriE
Sat, 04/21/2018	God of War 2018	3			youtu.be/Iwaz35LvB-s
Sun, 04/22/2018	God of War 2018	4			youtu.be/gQ6FBA7Tags
Sun, 04/22/2018	God of War 2018	5			youtu.be/Do78JCzg2Zg
Mon, 04/30/2018	Clicker Heroes	4			youtu.be/EIOzFw2B_Ek
Thu, 05/03/2018	Clicker Heroes	5			youtu.be/EIOzFw2B_Ek&t=11656
Mon, 05/28/2018	DARK SOULS: REMASTERED				
Tue, 05/29/2018	Moonlighter				
Sat, 06/02/2018	DOOM 2016	3			youtu.be/CZHkXFhnEVY
Sat, 06/30/2018	House Flipper	1	peertube.nodja.com/w/eFZot7SFbihjpr6XP3ogRb		youtu.be/Kv5UxsHqD_o
Mon, 07/02/2018	House Flipper	2	peertube.nodja.com/w/jtneQ24yvqTLYwn856QfgU		youtu.be/0di7yM72M7c
Thu, 07/05/2018	Euro Truck Simulator 2	1	peertube.nodja.com/w/uHQSSVoVpHpMPukAWxepP8		youtu.be/CTrUwnW7iwM
Sat, 07/07/2018	Euro Truck Simulator 2	2	peertube.nodja.com/w/kUyGHudmTGMefeRoyTeM2x		youtu.be/t0XtZLZRuwc
Sat, 07/07/2018	Euro Truck Simulator 2	3	peertube.nodja.com/w/7fzw4dyEaCmZhndkwZe3tr		youtu.be/B56xHPyN9gg
Mon, 07/09/2018	Prey: Mooncrash	1	youtu.be/T1AMZD-eHfg		youtu.be/PeA8oWYBwMY
Fri, 07/13/2018	Prey: Mooncrash	2	youtu.be/hdzK6Z6Sxyg		youtu.be/B44jVztTZk0
Sun, 07/15/2018	Prey: Mooncrash	3	youtu.be/6mGWWWpYLFo		youtu.be/4L_JZwu_90k
Mon, 07/16/2018	Danganronpa	1	youtu.be/-hcgMYtzWeA		youtu.be/Sfj4yDLDnY4
Tue, 07/17/2018	Danganronpa	2			youtu.be/afZBDWNIVqQ
Thu, 07/19/2018	Danganronpa	3	youtu.be/UTcVf-JKUVg		youtu.be/JbkQyJkeF1g&list=PL5w7NWMnseDqycCKzNeQ3EwwTV5SRBtEE&index=92
Fri, 07/20/2018	Danganronpa	4	youtu.be/ivOhnKuLHWQ		youtu.be/PbqstLMHIFk
Sat, 07/21/2018	Danganronpa	5	youtu.be/AG--9DiQjIg		youtu.be/wLExnEBdGLE&list=PL5w7NWMnseDqycCKzNeQ3EwwTV5SRBtEE&index=96
Sun, 07/22/2018	Danganronpa	6	youtu.be/sXc1lZmedFk		youtu.be/1X7DhpZcml4
Tue, 07/24/2018	Danganronpa	7	youtu.be/JlZe0O426jQ		youtu.be/wE20tLAsIAg
Wed, 07/25/2018	Danganronpa	8	youtu.be/MWEh9yfZZqE		youtu.be/oxajxfc4GVs
Fri, 07/27/2018	Factorio	2	peertube.nodja.com/w/2mNBaAJY11TS7PiEx4RKMh		youtu.be/mZ5dOAdby8Q
Sat, 07/28/2018	Factorio	3	peertube.nodja.com/w/i4TkPhzA8bbLCEivPE4NKx		youtu.be/czFdc3rwc1M
Wed, 08/29/2018	Stardew Valley	4	peertube.nodja.com/w/bJhseWEJNapQYX37Dnv2Ge		youtu.be/YMFitn3qq_8
Fri, 08/31/2018	Two Point Hospital		youtu.be/kTF72WzXtQU		youtu.be/9AIE8_NdlxE
Sat, 09/01/2018	The Messenger	1	peertube.nodja.com/w/chNjQns9THgBnL5zWnw5EW		youtu.be/gmdrs8lN6MU
Sun, 09/02/2018	Bayonetta	1	peertube.nodja.com/w/qWBC1yqH7Lg2jrSPDLxiWh		youtu.be/HtHaZaaUu5Q
Mon, 09/03/2018	Bayonetta	2	peertube.nodja.com/w/p6QdDS8YsKnYvTBwvP6kqs		youtu.be/bercGL937-A
Tue, 09/04/2018	The Messenger	2	peertube.nodja.com/w/7xS72hYQHEjUH8vacQW8Ez		youtu.be/qgEHvHd5EP0
Wed, 09/05/2018	The Messenger	3	peertube.nodja.com/w/e3wr3U7qAtF7CAPUX1UwCU		youtu.be/pojnqTAZkYk
Fri, 09/07/2018	Spider-Man		peertube.nodja.com/w/o34a6pyv9tpWkPMu9fjQCP		youtu.be/ylEUADma1Fk
Fri, 09/07/2018	Stardew Valley	5	peertube.nodja.com/w/1hkGocyKY3WPdyAZtzJWqV		youtu.be/DebR6tQUkdM
Sat, 09/08/2018	Stardew Valley	6	peertube.nodja.com/w/qV4LyZLjdS56rmTbBc2Je1		youtu.be/POsQ8ajv0Jk
Sun, 09/09/2018	Stardew Valley	7	peertube.nodja.com/w/3AACnCqmjUvmasZSq7NSuk		youtu.be/etbGKn42Um0
Mon, 09/10/2018	Stardew Valley	8	peertube.nodja.com/w/oMf9nDUcyeKs2rTcfeNoHD		youtu.be/xOnXSMS8auQ
Wed, 09/12/2018	Danganronpa 2	1	youtu.be/nLdKcnfSC6E		youtu.be/45PyxPcY5t8
Thu, 09/13/2018	Danganronpa 2	2	youtu.be/V_H_YE5cEqo		youtu.be/-nX3IOnV6xU?list=PL5w7NWMnseDqycCKzNeQ3EwwTV5SRBtEE
Fri, 09/14/2018	Danganronpa 2	3	youtu.be/eM3FTzUutKw		youtu.be/Bxw_ry2EZ_w
Sat, 09/15/2018	Danganronpa 2	4	youtu.be/beUmfES071Y		youtu.be/s14u2Pn-r78
Mon, 09/17/2018	Danganronpa 2	5	youtu.be/8MVBSRnR4C4		youtu.be/sMO1_TDBZ4g
Tue, 09/18/2018	Danganronpa 2	6	youtu.be/23N3xpvj0K8		youtu.be/5xt-Yvf70WU
Wed, 09/19/2018	Danganronpa 2	7	youtu.be/nhI86x7RqL0		youtu.be/zFDxiEm5Cs8
Thu, 09/20/2018	Danganronpa 2	8	youtu.be/bvtW1ZEwFxE		youtu.be/H9ZYueBKoBg
Fri, 09/21/2018	Danganronpa 2	9	youtu.be/pH_mPk0yG6k		youtu.be/Q-NWGUMYojg
Sat, 09/22/2018	Danganronpa 2	10	youtu.be/R5kZh6_-uw8		youtu.be/GT4cfkXFZTw
Sat, 09/29/2018	Stardew Valley	9	peertube.nodja.com/w/hjcS1zeUX7CNqjtjRzDeQY		youtu.be/jv_2SR_O_9I
Mon, 10/01/2018	Stardew Valley	10	peertube.nodja.com/w/gbXjTkQNENJT2DtCEz9zZL		youtu.be/tkmpwvIwGU4
Fri, 10/05/2018	Until Dawn	1	peertube.nodja.com/w/qN7mJEGYqApPTu3CWD9Ayi		youtu.be/ZKMsMRagnyQ
Sat, 10/06/2018	Until Dawn	2	peertube.nodja.com/w/vdb5vuVYU6f7DHTCUFmQPf		youtu.be/fzLobUjVpiE
Sun, 10/07/2018	Silent Hill	1	peertube.nodja.com/w/13TQRv5E44sJqF828kSgfM		youtu.be/dDWHtGuHn8I
Mon, 10/08/2018	Silent Hill	2	peertube.nodja.com/w/mKvd93N11URQ5xqViwVtYV		youtu.be/c3-j_8xn1hs
Wed, 10/10/2018	Silent Hill 2	1	peertube.nodja.com/w/p/8TZWWDceQ87FC6gSjqCfuK?playlistPosition=1		youtu.be/l3EzSin_TzM?list=PL5w7NWMnseDqycCKzNeQ3EwwTV5SRBtEE
Thu, 10/11/2018	Silent Hill 2	2	peertube.nodja.com/w/hL79kd67zyKbsxcuFwgz8W		youtu.be/7weAe1fwvYQ
Fri, 10/12/2018	Silent Hill 2	3	peertube.nodja.com/w/p/8TZWWDceQ87FC6gSjqCfuK?playlistPosition=4		youtu.be/q-rHUMhOoIs?list=PL5w7NWMnseDqycCKzNeQ3EwwTV5SRBtEE
Tue, 10/23/2018	I Have No Mouth, and I Must Scream		peertube.nodja.com/w/mik5VEwv36oh5kJQNpBBpk		youtu.be/_9_cmKlSOiU
Wed, 10/24/2018	Alien Isolation	1	peertube.nodja.com/w/p/eoV6epMqR4Hx9Hbitivb7H?playlistPosition=1		youtu.be/30cfCXtBy4Y?list=PL5w7NWMnseDqycCKzNeQ3EwwTV5SRBtEE
Thu, 10/25/2018	Alien Isolation	2	peertube.nodja.com/w/mi2PCTRAyUfZDSkKXfqi9w		youtu.be/dlM4nOoSmdo
Fri, 10/26/2018	Alien Isolation	3	peertube.nodja.com/w/1rtB8JtfNzME9nEixRkpSJ		youtu.be/35o-q3xZPXs
Sat, 10/27/2018	Red Dead Redemption 2		peertube.nodja.com/w/mqFQ7NHkiTMqonJy7uTvSV		youtu.be/h3dM7gbZBME
Sun, 10/28/2018	Alien Isolation	4	peertube.nodja.com/w/i5n2ujBpXsbPodQuSaLuZ8		youtu.be/V4dcClHHLMs
Thu, 11/01/2018	Danganronpa V3	1	youtu.be/0EMoE9JtGoA		youtu.be/UE2keajGg_s
Fri, 11/02/2018	Danganronpa V3	2	youtu.be/P7jj4fnrJQo		youtu.be/MuCcYD96SVk
Sat, 11/03/2018	Danganronpa V3	3	youtu.be/NwksIbf21Lg		youtu.be/rU9PcEtRCgc
Sun, 11/04/2018	Danganronpa V3	4	youtu.be/aP0qCCLIKRk		youtu.be/73Gpds5wp5I
Sun, 11/04/2018	V3 Gambling	1	peertube.nodja.com/w/aGCBfVnaReN9ErnE1MdAwb		youtu.be/uHA0eycDFX8
Mon, 11/05/2018	V3 Gambling	2	peertube.nodja.com/w/aGCBfVnaReN9ErnE1MdAwb		youtu.be/6X9aMNo6Ot4
Tue, 11/06/2018	Danganronpa V3	5	youtu.be/sNSeas6OXqE		youtu.be/LkN0KX0XcBA
Thu, 11/08/2018	Danganronpa V3	6	youtu.be/94Zbw6qNVBE		youtu.be/iNAs6ZdP4_U
Fri, 11/09/2018	Danganronpa V3	7	youtu.be/soUyo0IpxIM		youtu.be/CKZykFqftzs
Sun, 11/11/2018	Danganronpa V3	8	youtu.be/88bRxS3QQpc		youtu.be/_2QkU4BLiz4
Mon, 11/12/2018	Danganronpa V3	9	youtu.be/eIHuenoGRWs		youtu.be/1Gq8wFuFtjw
Tue, 11/13/2018	Danganronpa V3	10	youtu.be/s1C_CKkHXCg		youtu.be/RQJXp5GfxnQ
Thu, 11/15/2018	Danganronpa V3	11	youtu.be/YUGoXX6_AL8		youtu.be/RL8xa_Vvvc0
Fri, 11/16/2018	Danganronpa V3	12	youtu.be/p8HXd5Z0byM		youtu.be/avTu1hiqUF4
Sat, 11/17/2018	Danganronpa V3	13	youtu.be/SnuhIVZVbOY		youtu.be/tRLGjU9YvHk
Wed, 11/28/2018	Stardew Valley	11			youtu.be/3nED7jictlk
Wed, 12/05/2018	Enter the Gungeon	2			youtu.be/3nED7jictlk&t=11314
Thu, 12/06/2018	2018 Game Awards				
Wed, 12/12/2018	Ashen	1			youtu.be/mzMYY5EkUug
Thu, 12/13/2018	Ashen	2			youtu.be/JikGxa7bWUg
Fri, 12/14/2018	Ashen	3			youtu.be/TwVWplIJlYE
Sat, 12/15/2018	Ashen	4			youtu.be/O6GwEMF29WA
Mon, 12/17/2018	Ashen	5			youtu.be/z1nqBXSviIk
Tue, 12/18/2018	Ashen	6			youtu.be/91zHB8napC4
Wed, 12/19/2018	Gris				youtu.be/DC-G6t6jnE0
Thu, 12/20/2018	Below				youtu.be/yBFnWzU5L3g
Tue, 01/01/2019	Path of Exile	1			
Wed, 01/02/2019	Path of Exile	2			
Fri, 01/04/2019	DUSK	1			youtu.be/enW-XQ_EI1o
Sat, 01/05/2019	DUSK	2			youtu.be/enW-XQ_EI1o&t=9980
Sun, 01/06/2019	DUSK	3			Joe...
Tue, 01/08/2019	DUSK	4			Joe...
Tue, 01/08/2019	Path of Exile	3			youtu.be/M3HYrYJd7PU
Wed, 01/09/2019	Into the Breach	1			youtu.be/hsCrHx7lNec
Thu, 01/10/2019	Into the Breach	2			youtu.be/KYRdR-pW5PI
Fri, 01/11/2019	Path of Exile	4			youtu.be/_kz3idAMqYY
Sat, 01/12/2019	Into the Breach	3			youtu.be/zO5QWTOS2Z0
Sun, 01/13/2019	Into the Breach	4			youtu.be/KmHhTiXgfp0
Fri, 01/18/2019	Path of Exile	5			
Sun, 01/20/2019	Into the Breach	5			youtu.be/Lx4uFHy7r-8
Mon, 01/21/2019	FTL: Faster Than Light	1			youtu.be/0-82Jtfmyfc
Tue, 01/22/2019	FTL: Faster Than Light	2			youtu.be/9n7lo-to6jE
Wed, 01/23/2019	FTL: Faster Than Light	3			youtu.be/_-kMPYSESfw
Thu, 01/24/2019	Catherine	1			youtu.be/GKLsmhctGug
Fri, 01/25/2019	Catherine	2			youtu.be/K5fjiLRDwKA
Sat, 01/26/2019	Catherine	3			youtu.be/Q59rIAjHqdk
Sun, 01/27/2019	Catherine	4			youtu.be/Z03I2m9PvQc
Mon, 01/28/2019	Catherine	5			youtu.be/Fhvu3YUB8iw
Sun, 02/03/2019	Resident Evil 2 Remake	1			youtu.be/6Df4awX3HME
Mon, 02/04/2019	Resident Evil 2 Remake	2			youtu.be/sZw_nKWeE6c
Thu, 02/07/2019	Resident Evil 2 Remake	3			youtu.be/NoJDaC6OqCM
Sat, 02/09/2019	Resident Evil 2 Remake	4			youtu.be/Ebg1Ra6tcvc
Sun, 02/10/2019	Resident Evil 2 Remake	5			Joe...
Mon, 02/11/2019	Resident Evil 2 Remake	6			Joe...
Wed, 02/13/2019	FTL: Faster Than Light	4			youtu.be/5JVSYHHTFU8
Thu, 02/14/2019	FTL: Faster Than Light	5			
Fri, 02/15/2019	Slay the Spire	1			youtu.be/QNQxad4Katc
Sun, 02/17/2019	Slay the Spire	2			youtu.be/9S5XDUtUcBQ
Mon, 02/18/2019	Slay the Spire	3			youtu.be/GA9d4iuLask
Tue, 02/19/2019	Slay the Spire	4			youtu.be/qSkUimvRYzc
Wed, 02/20/2019	Slay the Spire	5			youtu.be/e9Zzxxqjql0
Thu, 02/21/2019	Portal				youtu.be/WFDKv2aJEBg
Thu, 02/21/2019	Portal 2	1			youtu.be/2W-fqzCKPfI
Fri, 02/22/2019	Portal 2	2			youtu.be/2W-fqzCKPfI&t=5743
Mon, 02/25/2019	Into the Breach	6			
Sat, 03/02/2019	FTL: Faster Than Light	6			
Sun, 03/03/2019	Wargroove				
Sun, 06/09/2019	E3 2019	1	youtu.be/GDGuwpaGWlc		youtu.be/xs5fI9uYwe4
Sun, 06/09/2019	E3 2019	2	youtu.be/T54B9cpK8nA		youtu.be/bkhDp_Fcrao
Mon, 06/10/2019	E3 2019	3	youtu.be/nnLU-WU-Jx0		youtu.be/XuQo1xMiGs4
Mon, 06/10/2019	E3 2019	4	youtu.be/75HLX-imTPI		youtu.be/hZjEVXonJXc
Tue, 06/11/2019	E3 2019	5			
Mon, 08/26/2019	Remnant: From The Ashes				youtu.be/kdOkHGS7kiw
Tue, 08/27/2019	Control	1			youtu.be/wyxejQEn-dw
Sat, 08/31/2019	Control	2			youtu.be/MSfoHNbBrno
Tue, 09/03/2019	Control	3			youtu.be/gTfynWHaQnc
Wed, 09/04/2019	Control	4			youtu.be/LSUXn_wAUZk
Thu, 09/05/2019	Control	5	youtu.be/tj3PKQqCsc0		
Tue, 09/10/2019	GreedFall		youtu.be/zsFJinX45u8		
Wed, 09/11/2019	Blasphemous	1	youtu.be/6sNZOH3X8FA		
Thu, 09/12/2019	Blasphemous	2	youtu.be/mikfKQQaT_g		
Tue, 09/17/2019	Blasphemous	3	youtu.be/tje7lcEKzJM		
Wed, 09/18/2019	Blasphemous	4	youtu.be/aU-Ja5Q75QM		
Thu, 09/19/2019	Celeste DLC	5	youtu.be/pwOkZTaGjyg		
Fri, 09/20/2019	Children of Morta	1	Unrendered		youtu.be/PxaDN1w8ym4
Tue, 09/24/2019	The Surge 2		youtu.be/RVG2UjuWOcw		youtu.be/4ICAnhFJiRs
Wed, 09/25/2019	Celeste DLC	6	youtu.be/_XVXLbFMy6g		
Thu, 09/26/2019	Noita	1	youtu.be/l94qBQ3Z10w		youtu.be/mI8wC6aFEvQ
Fri, 09/27/2019	Children of Morta	2	Unrendered		youtu.be/w3nOt197g_o
Tue, 10/01/2019	CODE VEIN	1	youtu.be/K3eqhUqpND0		youtu.be/6THe0ywMRyU
Wed, 10/02/2019	Untitled Goose Game 		youtu.be/rIWmbbOkmH8		
Wed, 10/02/2019	Noita	2	youtu.be/rIWmbbOkmH8&t=9604		
Thu, 10/03/2019	CODE VEIN	2	youtu.be/l5b0vuei2mc		youtu.be/ZnQALFXeJfs
Fri, 10/04/2019	The Binding of Isaac	1	Unrendered		youtu.be/OBYQDRwzilM
Tue, 10/08/2019	CODE VEIN	3	youtu.be/bVt5HBgvluE		youtu.be/nhv-VbLdgOo
Wed, 10/09/2019	CODE VEIN	4	youtu.be/4BNdCvQT9_o		youtu.be/9qPZz9g2eTs
Thu, 10/10/2019	CODE VEIN	5	youtu.be/4s9EU7PZI1A		youtu.be/YH_sYRjS4aM
Fri, 10/11/2019	The Binding of Isaac	2	Unrendered		youtu.be/ug1XBqYMI0o
Tue, 10/15/2019	CODE VEIN	6	youtu.be/oJM64i0F3Qc		youtu.be/rUUwfyohpRk
Thu, 10/17/2019	CODE VEIN	7	youtu.be/e1h5TV28LH0		youtu.be/H7L06lo8jNY
Fri, 10/18/2019	The Binding of Isaac	3	Unrendered		youtu.be/iodoF-MxSHY
Tue, 10/22/2019	CODE VEIN	8	youtu.be/iT6Bq69B9hg		youtu.be/Ysi0CaLb0_Y
Wed, 10/23/2019	CODE VEIN	9	youtu.be/_eTxWL3Xmfo		youtu.be/N228RU2-9SE
Thu, 10/24/2019	CODE VEIN	10	youtu.be/N4ZyoYT7LAc		youtu.be/-BeI7saA5us
Fri, 10/25/2019	Noita	3	Unrendered		youtu.be/ScBuT1slZA0
Tue, 10/29/2019	Katana Zero		youtu.be/RdrmWpdxOgo		youtu.be/h1wz8cooXcU
Wed, 10/30/2019	The Outer Worlds	1	youtu.be/Gy8jwlEIvs0		youtu.be/_4n1SCGAC4w
Thu, 10/31/2019	The Outer Worlds	2	youtu.be/YljdWwT4NLE		youtu.be/LbceYCUIolA
Fri, 11/01/2019	The End is Nigh		Unrendered		youtu.be/AoetDq4sUfQ
Tue, 11/05/2019	Devil May Cry 5	1	youtu.be/noKWvrPL1Oc		youtu.be/V9ynMAWCMVE
Wed, 11/06/2019	Devil May Cry 5	2	youtu.be/7c8hgVNCFCY		youtu.be/ByyNUhk6fTY
Thu, 11/07/2019	Devil May Cry 5	3	youtu.be/b6zGfPaA1JM		youtu.be/9x02RLrnMNc
Fri, 11/08/2019	Death Stranding	1	youtu.be/kwPFX8ZF8nA		
Sat, 11/09/2019	Death Stranding	2	youtu.be/4RxL4UVdVNM		
Sat, 11/09/2019	Stardew Valley	12	Unrendered		youtu.be/OETkw9V454s
Sun, 11/10/2019	Death Stranding	3	youtu.be/IHZdSnxd57A		
Mon, 11/11/2019	Death Stranding	4	youtu.be/12ygUscBsy8		
Tue, 11/12/2019	Death Stranding	5	youtu.be/4_QnlwUkIms		
Thu, 11/14/2019	Death Stranding	6	youtu.be/da83QTxE-z8		
Sat, 11/16/2019	Stardew Valley	13	Unrendered		youtu.be/Bl7RuLCeTxg
Fri, 11/22/2019	Stardew Valley	14	Unrendered		youtu.be/zzaShblbxhI
Tue, 11/26/2019	Jedi: Fallen Order	1	youtu.be/Ams0lrNFjgs		youtu.be/-qH8prROyUY
Wed, 11/27/2019	Jedi: Fallen Order	2	youtu.be/QyrhuuFqrjY		
Thu, 11/28/2019	Jedi: Fallen Order	3	youtu.be/r06kjZBwDUM		youtu.be/BHN1L90sFKo
Tue, 12/03/2019	Jedi: Fallen Order	4	youtu.be/F6GdWUwXpGs		
Wed, 12/04/2019	Jedi: Fallen Order	5	youtu.be/mtbGcEknzOA		youtu.be/WVvQoTh4AAE
Thu, 12/05/2019	Jedi: Fallen Order	6	youtu.be/8E4xl4TC4xs		youtu.be/iYaXcEus7Hw
Sat, 12/07/2019	Minecraft	1	Unrendered		youtu.be/MaAbT4PwkJw
Tue, 12/10/2019	Jedi: Fallen Order	7	youtu.be/zLWIsaxvCgM		youtu.be/0q537897t2A
Wed, 12/11/2019	Jedi: Fallen Order	8			youtu.be/F72fT1CL0UA
Thu, 12/12/2019	Jedi: Fallen Order	9	youtu.be/ZQk1BfBZ2Rk		youtu.be/VxL4d-kCW6I
Thu, 12/12/2019	2019 Game Awards		Unrendered		youtu.be/gC8YHfFpIs0
Sat, 12/14/2019	Minecraft	2	Unrendered		youtu.be/_oknxlCJi3g
Tue, 12/17/2019	Disco Elysium	1	youtu.be/ryuCWMnhbuw		youtu.be/OdQY9MXPvnQ
Wed, 12/18/2019	Disco Elysium	2	youtu.be/rtkwEcr2Cls		youtu.be/RGe7HAfr7HA
Thu, 12/19/2019	Disco Elysium	3	youtu.be/DrgLEisDAWc		youtu.be/Kc0lM2SIKn4
Tue, 12/24/2019	Jump King	1			
Thu, 12/26/2019	Hades	1	Unrendered		youtu.be/kLlNpCdxlRI
Sat, 12/28/2019	Minecraft	3	Unrendered		youtu.be/MSKmjKHGAgY
Tue, 12/31/2019	Hades	2	Unrendered		youtu.be/SmqkvcDmVvU
Tue, 12/31/2019	Jump King	2	Unrendered		youtu.be/SmqkvcDmVvU?t=22837
Thu, 01/02/2020	Jump King	3	youtu.be/IIS8Upreg6Q		youtu.be/HeZwsSj_m6Y
Sat, 01/04/2020	Jump King	4	Unrendered		youtu.be/3zft9jMbJ2g
Tue, 01/07/2020	Disco Elysium	4	youtu.be/yFQgPSVmwZA		youtu.be/GNgV1VsWREg
Wed, 01/08/2020	Disco Elysium	5	youtu.be/xGKrPFMS4vE		youtu.be/-yCVtKGiWA4
Thu, 01/09/2020	Disco Elysium	6	youtu.be/HIiaUuYyOb4		youtu.be/NwcLExaBSrY
Tue, 01/14/2020	Disco Elysium	7	youtu.be/2HhAQz4Kd0s		youtu.be/7OD0WkfaSb8
Wed, 01/15/2020	Disco Elysium	8	youtu.be/598NZNUL9S4		youtu.be/DKKHaadGK90
Thu, 01/16/2020	Disco Elysium	9	youtu.be/UTY9mEXJIq0		youtu.be/OqOhb9nv8AE
Sat, 01/18/2020	Hades	3	Unrendered		youtu.be/w4QxWDE6Xkk
Tue, 01/21/2020	Disco Elysium	10	youtu.be/BRwu0FjJmJw		youtu.be/ZzUyq6W4oc4
Thu, 01/23/2020	Disco Elysium	11	youtu.be/dnv882DIomw		youtu.be/-k83JCVj75g
Tue, 01/28/2020	Disco Elysium	12	youtu.be/OqTTRIJkeWM		youtu.be/MDMoPgd1dCA
Wed, 01/29/2020	Disco Elysium	13	youtu.be/xmX1MVPW9VQ		youtu.be/18durY9Xsto
Thu, 01/30/2020	Disco Elysium	14	youtu.be/ijqXT2pmjhU		youtu.be/_NuaFO9af2I
Tue, 02/04/2020	Disco Elysium	15	youtu.be/RBGkDo_VjkI		youtu.be/-y9B7m6SJjo
Wed, 02/05/2020	Disco Elysium	16	youtu.be/EdEvQYIGsn8		youtu.be/Vj_-wRJfowE
Thu, 02/06/2020	Disco Elysium	17	youtu.be/jZCMZDmBvQw		youtu.be/HtVhFguMDaY
Wed, 04/15/2020	Resident Evil 3 Remake	1	Unrendered		youtu.be/5O_guJATw_8
Thu, 04/16/2020	Resident Evil 3 Remake	2	Unrendered		youtu.be/dkug0ch47Ec
Fri, 04/17/2020	DOOM Eternal	1	youtu.be/7DsW9li9Eb8		youtu.be/QSpHLRF2YRU
Sat, 04/18/2020	DOOM Eternal	2	youtu.be/duQzG-A0mv4		youtu.be/0UWPb63sE64
Sun, 04/19/2020	DOOM Eternal	3	youtu.be/GU6b-JTrLds		youtu.be/a408bF4dM1Q
Mon, 04/20/2020	DOOM Eternal	4	youtu.be/DxCcNg9cBjI		youtu.be/OfLGdrqGodY
Thu, 06/11/2020	PS5 Event		youtu.be/SvggPMDXNfI		youtu.be/GpJ4AslmNAo
Sat, 06/13/2020	2020 PC Gaming Show		youtu.be/kiZjU1VZCYQ		youtu.be/nSXGOdoWh0o
Tue, 08/18/2020	Mortal Shell	1	youtu.be/25hFgCTas9w		youtu.be/kI6pauQ5ag8
Wed, 08/19/2020	Mortal Shell	2	youtu.be/oBJ-UDvaZVc		youtu.be/LuK2UeSkNzo
Thu, 08/20/2020	Outer Wilds	1	youtu.be/ohNeKjHYWAM		youtu.be/BFeXfkkIOgA
Fri, 08/21/2020	Outer Wilds	2	youtu.be/qW7Q069uqjM		youtu.be/gk6mwH_Vycw
Sat, 08/22/2020	Outer Wilds	3	youtu.be/aiARNZHyK1Y		youtu.be/jioI7b1-pEI
Sun, 08/23/2020	Outer Wilds	4	youtu.be/kJADLLgiqDA		youtu.be/OzQe-eD4YqQ
Tue, 09/01/2020	Hellpoint		youtu.be/sv_U_ASfTNU		youtu.be/mjzqp_AFYSU
Wed, 09/02/2020	Ace Attorney	1	youtu.be/b3_j4fZW1Dw		youtu.be/13o0C-_vKmQ
Thu, 09/03/2020	Ace Attorney	2	youtu.be/OnwUdYCbriY		youtu.be/122X9rRZT64
Fri, 09/04/2020	Ace Attorney	3	youtu.be/cYLjuVVGjZU		youtu.be/WD2J5ToYnmA
Tue, 09/08/2020	Ace Attorney	4	youtu.be/TmZTMqWbsqM		youtu.be/-KmZBZnOBCQ
Wed, 09/09/2020	Ace Attorney	5	youtu.be/IiwKsNDB9UE		youtu.be/2qc8lJEx5NM
Thu, 09/10/2020	Ace Attorney	6	youtu.be/FM-3kDIt9FY		youtu.be/EJDOFlCEr9Y
Fri, 09/11/2020	Ace Attorney	7	youtu.be/j1y0HQa_KtU		youtu.be/7ZquQphzabs
Tue, 09/15/2020	Ace Attorney	8	youtu.be/XxFW_9fu2EE		youtu.be/0GVyne5PLrg
Wed, 09/16/2020	Ace Attorney	9	youtu.be/f-pOTlB1ACk		youtu.be/SC_njTpF3Ss
Fri, 09/18/2020	DELTARUNE		youtu.be/Ss5Uwr89El8		youtu.be/44Xq0i6G-BQ
Tue, 09/22/2020	Ace Attorney 2	1	youtu.be/PRd7cdWFMNg		youtu.be/RzrRkO34iHQ
Wed, 09/23/2020	Ace Attorney 2	2	youtu.be/QpHeX4S9iZo		youtu.be/jFs0g-lDmF4
Thu, 09/24/2020	Ace Attorney 2	3	youtu.be/Wc9grAsBJGU		youtu.be/qtZW79uUPUY
Fri, 09/25/2020	Ace Attorney 2	4	youtu.be/Ft9LN5-gf8M		youtu.be/TGhfXwq1UPs
Tue, 09/29/2020	Ace Attorney 2	5	youtu.be/wlsDSjO0b9c		youtu.be/lhPnA8pml18
Wed, 09/30/2020	Ace Attorney 2	6	youtu.be/u1zqjtZAjL0		youtu.be/5V9bHB1MeIw
Thu, 10/01/2020	Ace Attorney 2	7	youtu.be/MuovHuuUZqw		youtu.be/wuVRGzUGQHo
Tue, 10/06/2020	Yakuza 0	1	youtu.be/U41fVHVi0jg		youtu.be/vucuN-v8mXM
Wed, 10/07/2020	Yakuza 0	2	youtu.be/hfG5CVAMPck		youtu.be/5ClkcdFzbBA
Thu, 10/08/2020	Yakuza 0	3	youtu.be/e9jpY92ijzQ		youtu.be/emheecUB7Gc
Fri, 10/09/2020	Yakuza 0	4	youtu.be/olp7KR0GwOQ		youtu.be/HTn0AOzHzt4
Mon, 10/19/2020	Genshin Impact		youtu.be/Kupiz80hV28		youtu.be/CBdtedamDLY
Tue, 10/20/2020	Yakuza 0	5	youtu.be/Rphu_yijMWY		youtu.be/Vj83QV1RDNk
Tue, 10/20/2020	Genshin Impact		youtu.be/q_w_gxdQCQU		youtu.be/qpGUqiTnlK4
Wed, 10/21/2020	Yakuza 0	6	youtu.be/ia86Jvnl2DY		youtu.be/vZyQeBmXMrE
Thu, 10/22/2020	Yakuza 0	7	youtu.be/NsqvT2IphP4		youtu.be/ZI5SPi61vhk
Fri, 10/23/2020	Yakuza 0	8	youtu.be/0ZgCkKC9M7o		youtu.be/ETTPwAw44X8
Tue, 10/27/2020	Yakuza 0	9	youtu.be/Dhljh4qWVBQ		youtu.be/RXsGDM8bQD8
Wed, 10/28/2020	Yakuza 0	10	youtu.be/tsbRnUMGbuw		youtu.be/-5gLbm_LgGw
Thu, 10/29/2020	Yakuza 0	11	youtu.be/0Z3Y94d0nD0		youtu.be/Fr7U5DnLDNE
Fri, 10/30/2020	Yakuza 0	12	youtu.be/H3CJcI-kuV8		youtu.be/5uMzpJrOC3s
Tue, 11/03/2020	Yakuza 0	13	youtu.be/6kDMGp8Lu3s		youtu.be/kUHKgvT0OMI
Wed, 11/04/2020	Yakuza 0	14	youtu.be/njVmGCipaBM		youtu.be/Bq48WsX0BKU
Thu, 11/05/2020	Yakuza 0	15	youtu.be/IB8q81dsBWE		youtu.be/mmLgqtwp1gQ
Fri, 11/06/2020	Yakuza 0	16	youtu.be/fD70xLyxo10		youtu.be/WXioQxyAuYc
Tue, 11/10/2020	Yakuza 0	17	youtu.be/JZcYSG1WCEc		youtu.be/6D-WBW_wyQc
Wed, 11/11/2020	Yakuza 0	18	youtu.be/1QSO8Bl1WMY		youtu.be/NJj348vAQ1g
Thu, 11/12/2020	Bugsnax	1	youtu.be/1-sFePtBk10		youtu.be/nZrARICvbck
Fri, 11/13/2020	Bugsnax	2	youtu.be/vUbetWwDEW4		youtu.be/KjMnjSodm98
Tue, 11/17/2020	Bugsnax	3	youtu.be/rafb9M8UNWg		youtu.be/UJ1kDhE8vkE
Wed, 11/18/2020	Yakuza 0	19	youtu.be/9q-OvyAbuuY		youtu.be/LIdsBhmp_ww
Thu, 11/19/2020	Yakuza 0	20	youtu.be/bKw_Fo89x2k		youtu.be/fS24rKi-rEM
Fri, 11/20/2020	Yakuza 0	21	youtu.be/E2JGMjBRHCA		youtu.be/hwGpszxQ1Us
Tue, 12/01/2020	Ace Attorney 3	1	youtu.be/LZYaoASZPLA		youtu.be/bLhqm1Axk60
Wed, 12/02/2020	Ace Attorney 3	2	youtu.be/KU_UyVcIymw		youtu.be/tnW9u6wu67g
Thu, 12/03/2020	Ace Attorney 3	3	youtu.be/MuoWhj53zxo		youtu.be/XkKkgtnJ64A
Fri, 12/04/2020	Ace Attorney 3	4	youtu.be/8GaZ6ustfTI		youtu.be/VqXIj29XRm0
Mon, 12/07/2020	Ace Attorney 3	5	youtu.be/KrG1m7Mhkmc		youtu.be/xw-ojiKboJA
Tue, 12/08/2020	Ace Attorney 3	6	youtu.be/QLV0PKN-0A4		youtu.be/1K1aSFrwKpE
Wed, 12/09/2020	Ace Attorney 3	7	youtu.be/wYysILjxa1w		youtu.be/otGTM62mOP4
Thu, 12/10/2020	Cyberpunk 2077		youtu.be/jLISOsxJhUA		youtu.be/xsnj6kS1m64?list=PL5w7NWMnseDr_qc49mM8oLMPSIbWkDRil
Thu, 12/10/2020	2020 Game Awards		youtu.be/FrMn_zEWD2k		youtu.be/tPriZTcbnos
Tue, 12/15/2020	Fahrenheit: Indigo Prophecy	1	youtu.be/2S1LfuwLcF0		youtu.be/iY_oxb38jbc
Tue, 12/15/2020	Helltaker		youtu.be/2S1LfuwLcF0&t=7048s		youtu.be/iY_oxb38jbc?t=7050
Wed, 12/16/2020	Fahrenheit: Indigo Prophecy	2	youtu.be/2_EzQ15Fupo		youtu.be/lyZdp7ecGdk
Thu, 12/17/2020	Fahrenheit: Indigo Prophecy	3	youtu.be/1sQIsFt5RoA		youtu.be/-89PBXSVH2A
Fri, 12/18/2020	Heavy Rain	1	youtu.be/w_T88bTF77U		youtu.be/wz0fj3eMkDQ
Tue, 12/22/2020	Heavy Rain	2	youtu.be/JeN9V0ZpwZ4		youtu.be/r75ximvod44
Wed, 12/23/2020	Beyond: Two Souls	1	youtu.be/tOkr6Lo_4YU		youtu.be/X2VLXLvzzRo
Tue, 12/29/2020	Beyond: Two Souls	2	youtu.be/YHt8pOxeua0		youtu.be/G3AQfFkkBGc
Wed, 12/30/2020	Beyond: Two Souls	3	youtu.be/BtImOO5kP3c		youtu.be/_H6xaA0VZsg
Thu, 12/31/2020	Detroit: Become Human	1	youtu.be/59MfxB4F0Rs		youtu.be/Li7r9QM8AMg
Fri, 01/01/2021	Detroit: Become Human	2	youtu.be/ykAUNAvFR7w		youtu.be/TtM431TsewM
Tue, 01/05/2021	Detroit: Become Human	3	youtu.be/bdwRbRiFebo		youtu.be/CNX7SCq64lI
Wed, 01/06/2021	Detroit: Become Human	4	youtu.be/KF2FwGbjMY0		youtu.be/SKaXiiq3g4Y
Thu, 01/07/2021	Detroit: Become Human	5	youtu.be/edK-Jfsik2U		youtu.be/EDchoPKjv7w
Tue, 01/12/2021	Vampire: the Masquerade - Bloodlines	1	youtu.be/VdBSWz03rco		youtu.be/f99isRDDZaA
Wed, 01/13/2021	Vampire: the Masquerade - Bloodlines	2	youtu.be/Ou6uc1hvFiQ		youtu.be/ah4GFTqvQcc
Thu, 01/14/2021	Vampire: the Masquerade - Bloodlines	3	youtu.be/eq_gWVYY06w		youtu.be/KSh2JczWRRE
Fri, 01/15/2021	Vampire: the Masquerade - Bloodlines	4	youtu.be/_0Ho3VUHU-s		youtu.be/LVckklxyTL4
Tue, 01/19/2021	Vampire: the Masquerade - Bloodlines	5	youtu.be/Fwigz8G0xhA		youtu.be/YbXpMOmdviU
Wed, 01/20/2021	Vampire: the Masquerade - Bloodlines	6	youtu.be/-JQv6R6J2Tc		youtu.be/rAaUCPougR4
Thu, 01/21/2021	HITMAN 3	1	youtu.be/GMdEpieAusg		youtu.be/hDVpmlSkOkU
Tue, 01/26/2021	HITMAN 3	2	youtu.be/J_Enn1k7EIk		youtu.be/hVmcOMJZsDs
Wed, 01/27/2021	Vampire: the Masquerade - Bloodlines	7	youtu.be/UtJnaPV4QfI		youtu.be/0aMAPvlsTo8
Thu, 01/28/2021	Vampire: the Masquerade - Bloodlines	8	youtu.be/XoGeqW0rjIk		youtu.be/K3JFvffXJjk
Fri, 01/29/2021	HITMAN 3	3	youtu.be/oe4Phtua7jU		youtu.be/NA4W5-Eau-g
Tue, 02/02/2021	HITMAN 3	4	youtu.be/PiIeHAr0e7Y		youtu.be/ZWr2Tr0TAU8
Wed, 02/03/2021	HITMAN 3	5	youtu.be/jaIiR0F4zYE		youtu.be/x6DR7efXomg
Thu, 02/04/2021	HITMAN 3	6	youtu.be/Z3-lk4HluB0		youtu.be/UFF-V_phY0I
Fri, 02/05/2021	HITMAN 3	7	youtu.be/cAkGQxkwAZw		youtu.be/EbGRvg80XV8
Sun, 02/14/2021	Marble Races	1	youtu.be/SnT5DqX2aKs		youtu.be/GpzZr1J6aX8
Tue, 02/16/2021	Marble Races	2	youtu.be/w8QqBQZEZdM		youtu.be/x8_ki8LwWzk
Tue, 02/23/2021	Persona 4 Golden	1	youtu.be/zUtP5TRLtgA		youtu.be/kZCpX_TcN48
Wed, 02/24/2021	Persona 4 Golden	2	youtu.be/q80gFe58iTg		youtu.be/WrdcHbTuc_E
Thu, 02/25/2021	Persona 4 Golden	3	youtu.be/cF9rikBvf5U		youtu.be/BxeVsPW_lVc
Fri, 02/26/2021	Persona 4 Golden	4	youtu.be/Vh-Z9jAOLxE		youtu.be/Cv_7i0fxDt0
Sat, 02/27/2021	Steins;Gate	1	youtu.be/irgVTj-1db4		youtu.be/xJf0WdNwH5Q?list=PL5w7NWMnseDr_qc49mM8oLMPSIbWkDRil
Tue, 03/02/2021	Persona 4 Golden	5	youtu.be/cW494H-Mxrs		youtu.be/oTMdZa-5-30?list=PL5w7NWMnseDr_qc49mM8oLMPSIbWkDRil
Wed, 03/03/2021	Persona 4 Golden	6	youtu.be/ghUunoLtFhc		youtu.be/DZItIr_7w3U
Fri, 03/05/2021	Persona 4 Golden	7	youtu.be/ifz8_I6_I6M		youtu.be/YVqTd_TRbZM
Sat, 03/06/2021	Steins;Gate	2	youtu.be/ctrX7lDk2g0		youtu.be/AuhJswuQo8s
Tue, 03/09/2021	Persona 4 Golden	8	youtu.be/9Kp0p39CDUw		youtu.be/xQievDfbzB0
Wed, 03/10/2021	Persona 4 Golden	9	youtu.be/aBx5r3x_7do		youtu.be/U-LQTiZ9tXc
Thu, 03/11/2021	Persona 4 Golden	10	youtu.be/Ti0Flpjhphs		youtu.be/vz3SvHTEyr4
Fri, 03/12/2021	Persona 4 Golden	11	youtu.be/8NjAdHCVUNg		youtu.be/KNzVUhRLvtg
Sat, 03/13/2021	Steins;Gate	3	youtu.be/Fqczh_ktKqs		youtu.be/i7Oytrjy9kM
Tue, 03/16/2021	Persona 4 Golden	12	youtu.be/uARjtCqB54M		youtu.be/R4VzoDWfQFs
Wed, 03/17/2021	Persona 4 Golden	13	youtu.be/vLAX-bEiHzw		youtu.be/ZTQkMa6mdQE
Thu, 03/18/2021	Persona 4 Golden	14	youtu.be/jzxu5X-ZR9Y		youtu.be/1ZJf8uytyfA
Fri, 03/19/2021	Persona 4 Golden	15	youtu.be/XVTGoDwAf7Q		youtu.be/ehEARcO8ttw
Sat, 03/20/2021	Steins;Gate	4	youtu.be/9gtzWfe_96I		youtu.be/dG6vM-MezQQ
Tue, 03/30/2021	Persona 4 Golden	16	youtu.be/RnOI6Ze5dJg		youtu.be/y6UsizivTHw
Wed, 03/31/2021	Persona 4 Golden	17	youtu.be/OhZcxjZRkTY		youtu.be/ejos4V8SFV8
Thu, 04/01/2021	Persona 4 Golden	18	youtu.be/y40hZkE3jKM		youtu.be/kuZKdI7uUy4
Fri, 04/02/2021	Persona 4 Golden	19	youtu.be/YE1nYLLoTW4		youtu.be/tRxTpoVOJho
Sat, 04/03/2021	Steins;Gate	5	youtu.be/GNSik2VCXBI		youtu.be/gOBQkMgS9X4
Tue, 04/06/2021	Persona 4 Golden	20	youtu.be/Whbmcp2LoDE		youtu.be/_scrageW9No
Wed, 04/07/2021	Persona 4 Golden	21	youtu.be/zKc8zlknpr8		youtu.be/T6_Z_mDtNQo
Thu, 04/08/2021	Persona 4 Golden	22	youtu.be/_ZjxllqOiEc		youtu.be/yorp8kvwHP0
Fri, 04/09/2021	Persona 4 Golden	23	youtu.be/2qhUHodRCF8		youtu.be/eEHZfBpCPA0
Tue, 04/13/2021	Persona 4 Golden	24	youtu.be/s_xGs7BBVEY		youtu.be/c29LIFNfaEk
Wed, 04/14/2021	Persona 4 Golden	25	youtu.be/wWtkyBPL1Bc		youtu.be/Ec7tXemCikM
Thu, 04/15/2021	Persona 4 Golden	26	youtu.be/NpIfdahEJXI		youtu.be/2Fq3_RK6Sbk
Fri, 04/16/2021	Persona 4 Golden	27	youtu.be/GTlpYAEIXdI		youtu.be/Xrm7Qcy5Itk
Sat, 06/12/2021	E3 2021	1	youtu.be/njTBL4-YQN8		youtu.be/RDtp-ffns80
Sun, 06/13/2021	E3 2021	2	youtu.be/mjbz8rXuz5E		youtu.be/h7-lBVUe_QA
Sun, 06/13/2021	E3 2021	3	youtu.be/T00oxfrs700		youtu.be/eb2SGHoKt6M
Tue, 06/15/2021	E3 2021	4	youtu.be/BiClqecJfWA		youtu.be/3qVeWVAwByg
Tue, 04/12/2022	Elden Ring Q&A		youtu.be/Qac7lJc7YIc		youtu.be/6ZsrHG0RpWw
Thu, 04/14/2022	Hollow Knight	1	youtu.be/eWRlnvc4gic		youtu.be/Q_5gLaINu5g
Fri, 04/15/2022	Hollow Knight	2	youtu.be/rZRdAbur_Tk		youtu.be/z7ah-p4BWLg
Mon, 04/18/2022	Vampire Survivors		youtu.be/dLLCmPrLAas		youtu.be/tsJQZanFFd4
	Hollow Knight	3	youtu.be/dLLCmPrLAas&t=7787s		youtu.be/tsJQZanFFd4?t=7785
Wed, 04/20/2022	Resident Evil Village	1	youtu.be/WXIaAZYbvhY		youtu.be/9BsPlVlWsME
Thu, 04/21/2022	Resident Evil Village	2	youtu.be/vepctYmj2LM		youtu.be/zm5EnM_e68g
Fri, 04/22/2022	Resident Evil Village	3	youtu.be/sfw7NgEysD4		youtu.be/RHSryYvUsjg
Mon, 04/25/2022	Resident Evil Village	4	youtu.be/HCRCLdroAFk		youtu.be/QynNm_QZugE
Tue, 04/26/2022	Resident Evil Village	5	youtu.be/LFP_oEf2YNM		youtu.be/uzzDOUZQgkU
Wed, 04/27/2022	Outer Wilds: Echoes of the Eye	5	youtu.be/EejSBKclRBM		youtu.be/9A_4LlT1zxU
Thu, 04/28/2022	Outer Wilds: Echoes of the Eye	6	youtu.be/nc7LQ1P6Jic		youtu.be/L6UjyA3kyDw
Fri, 04/29/2022	Outer Wilds: Echoes of the Eye	7	youtu.be/Y-vXMFlefPs		youtu.be/T6dz3jNBz3A
Tue, 05/10/2022	Wandersong	1	youtu.be/Q2HHn2y6pdY		youtu.be/iMZVpud-rtU
Wed, 05/11/2022	Wandersong	2	youtu.be/QqDysXVIEeU		youtu.be/OKteKbrioCg
Thu, 05/12/2022	999	1	youtu.be/wln3751QnWs		youtu.be/kJhSngTkzhk
Fri, 05/13/2022	999	2	youtu.be/ievg3xqsOLI		youtu.be/b-m51K3keuU
Mon, 05/16/2022	999	3	youtu.be/9eJTkHI3N-U		youtu.be/q5fTGzFcmtQ
Tue, 05/17/2022	999	4	youtu.be/_sXyulxCDgo		youtu.be/egrtz3I9Dgk
Wed, 05/18/2022	999	5	youtu.be/YKYOv_AbYFY		youtu.be/-SWspKzuEDk
Thu, 05/19/2022	999	6	youtu.be/fvRqT3ysBVY		youtu.be/YAvvugPXT3o
Thu, 06/02/2022	Hatsune Miku: Project DIVA		youtu.be/eqA2r35d3d0		youtu.be/PJGnROa5z6k
Mon, 06/06/2022	Virtue's Last Reward	1	youtu.be/0y5sh2XkEDk		youtu.be/QiaZG36B24E
Tue, 06/07/2022	Virtue's Last Reward	2	youtu.be/bwGinLevZJY		youtu.be/WEmbJ58jWGo
Wed, 06/08/2022	Virtue's Last Reward	3	youtu.be/s3j3Xa8YiQ8		youtu.be/NM3fGr38uto
Thu, 06/09/2022	Virtue's Last Reward	4	youtu.be/cBG1lLhghmg		youtu.be/O1heq7kYpQ4
Fri, 06/10/2022	Virtue's Last Reward	5	youtu.be/pWSN-A1sDGo		youtu.be/n-yn_MWUG5Q
Mon, 06/13/2022	Virtue's Last Reward	6	youtu.be/D8yhs47mt6U		youtu.be/U-vZs2nmljs
Tue, 06/14/2022	Virtue's Last Reward	7	youtu.be/Byq8cjgMSDw		youtu.be/_jlyTl9DPIM
Wed, 06/15/2022	Virtue's Last Reward	8	youtu.be/Hiuat9BIhbA		youtu.be/aWF4cCQWCWE
Mon, 06/20/2022	Virtue's Last Reward	9	youtu.be/ZUdA01pyhqc		youtu.be/y8KbJBpXTVE
Tue, 06/21/2022	Virtue's Last Reward	10	youtu.be/z28pnj589EM		youtu.be/YiqmhOyrvRo
Wed, 06/22/2022	Virtue's Last Reward	11	youtu.be/iEfXqj2N9eU		youtu.be/OpJJiQCxMTc
Thu, 06/23/2022	Virtue's Last Reward	12	youtu.be/PhOSAWspfMo		youtu.be/F8y923tZ_O4
Sun, 07/31/2022	PowerWash Simulator		youtu.be/7QG3EXSMIjA		youtu.be/WJandYUnD2I
Mon, 08/01/2022	Neon White	1	youtu.be/Ro_Y7V1_7jg		youtu.be/MBTRv3HKesU
Tue, 08/02/2022	Neon White	2	youtu.be/CGZq875-Zu8		youtu.be/5Q6gD3MiD78
Wed, 08/03/2022	Zero Time Dilema	1	youtu.be/DFmeGZEFplk		youtu.be/NwkA2U9NSuk
Thu, 08/04/2022	Zero Time Dilema	2	youtu.be/Yv85RhICjmE		youtu.be/3rN5arbw8Ic
Fri, 08/05/2022	Zero Time Dilema	3	youtu.be/uy8d-xwgyXw		youtu.be/MLtkcHtJfe0
Tue, 08/09/2022	Zero Time Dilema	4	youtu.be/R578-VtLU3E		youtu.be/8nG4JzhxEoU
Wed, 08/10/2022	Zero Time Dilema	5	youtu.be/jpkGVstOszM		youtu.be/cZz4qMkvMNk
Thu, 08/11/2022	Zero Time Dilema	6	youtu.be/LcY2xWtGOX4		youtu.be/LDdlbtY5oAc
Wed, 11/09/2022	God of War Ragnarök	1	youtu.be/ORWQndr-pr8		youtu.be/Drm9wcaCSOw?list=PL5w7NWMnseDrPdT-EJ5yIAZBUeaEJV673
Thu, 11/10/2022	God of War Ragnarök	2	youtu.be/j2NTovPBLfc		youtu.be/r0ksQXNAM74?list=PL5w7NWMnseDrPdT-EJ5yIAZBUeaEJV673
Fri, 11/11/2022	God of War Ragnarök	3	youtu.be/Qfv2MsHE4q4		youtu.be/fVQHrOEefzY
Sat, 11/12/2022	God of War Ragnarök	4	youtu.be/6a7scECRWMo		youtu.be/4ggmsHNrsTk
Sun, 11/13/2022	God of War Ragnarök	5	youtu.be/0Jy6oLq8zgY		youtu.be/IPmC5UrVUDM
Mon, 11/14/2022	God of War Ragnarök	6	youtu.be/0_ebP8ilkwI		youtu.be/nrb3gsONrzE
Tue, 11/15/2022	God of War Ragnarök	7	youtu.be/PpJHlioQhOc		youtu.be/XaO5QKdRaZc?list=PL5w7NWMnseDrPdT-EJ5yIAZBUeaEJV673
Thu, 11/17/2022	God of War Ragnarök	8	youtu.be/aHoThQ4_5u4		youtu.be/wSWbA8_DNAY?list=PL5w7NWMnseDrPdT-EJ5yIAZBUeaEJV673
Fri, 11/18/2022	God of War Ragnarök	9	youtu.be/2IXspHxeLVI		youtu.be/4xVI7sW5ICA
Sat, 11/19/2022	God of War Ragnarök	10	youtu.be/cBrSOUXpGWo		youtu.be/sLqm7P-xrhA
Sun, 11/20/2022	God of War Ragnarök	11	youtu.be/x0HHb1QiU0g		youtu.be/AaVAbWN2V1w
Sun, 11/20/2022	God of War 2018 Video Commentary		youtu.be/x0HHb1QiU0g&t=12891s		youtu.be/-j4KRSC7THs
Thu, 12/08/2022	Stray		youtu.be/YEMiX7HNt9Y		youtu.be/w6pzH0ts_s4
Thu, 12/08/2022	2022 Game Awards		youtu.be/nVPFM3FAAEk		youtu.be/p8kGRKfEcds
Thu, 12/15/2022	Life is Strange	1	youtu.be/72_P--J1_hE		youtu.be/L-b7XQX2THI
Fri, 12/16/2022	Life is Strange	2	youtu.be/EafPeDWzNc4		youtu.be/TY5tBs7lKA4
Sat, 12/17/2022	Life is Strange	3	youtu.be/Tgv5sloIXXQ		youtu.be/CRPWvxEc3Qo
Sun, 12/18/2022	Life is Strange	4	youtu.be/E99nAdYRgs8		youtu.be/5JuxgmnHYMM
Mon, 12/19/2022	Life is Strange	5	youtu.be/yM8u7QfJAkA		youtu.be/ZwoUzEI5nNs
Thu, 12/22/2022	Life is Strange: Bore the Storm	1	youtu.be/f4o8MSHkLl0		youtu.be/fJP-FYZ7dBQ
Fri, 12/23/2022	Life is Strange: Bore the Storm	2	youtu.be/brcw5GzFnmM		youtu.be/CSAfZwnJ6u8
Sat, 12/24/2022	Life is Strange: Bore the Storm	3	youtu.be/L8GJHOplC0c		youtu.be/WS7G-mWL0yI
Tue, 12/27/2022	Captain Spirit		youtu.be/jrsbQZlsrlY		youtu.be/grt5B0Ll9_I
Tue, 12/27/2022	Life is Strange 2	1	youtu.be/jrsbQZlsrlY&t=7136s		youtu.be/grt5B0Ll9_I?t=7136
Wed, 12/28/2022	Life is Strange 2	2	youtu.be/QrevqxhBvPU		youtu.be/9xQDgf9vKrY
Thu, 12/29/2022	Life is Strange 2	3	youtu.be/1FgmBG9HjZU		youtu.be/5HeolB0D-B8
Sat, 12/31/2022	Life is Strange 2	4	youtu.be/cKgUPgCMxyU		youtu.be/oSQV-TxBLqE
Mon, 01/02/2023	Life is Strange: True Colors	1	youtu.be/RQfnGHwehD4		youtu.be/PNMadcfS7GQ
Tue, 01/03/2023	Life is Strange: True Colors	2	youtu.be/6KxphhKLyNk		youtu.be/uaQ_AoNRsvA
Wed, 01/04/2023	Life is Strange: True Colors	3	youtu.be/vp1vguEJtCM		youtu.be/FGgXnLCHlRc
Tue, 01/10/2023	AI: The Somnium Files	1	youtu.be/hHc6-dRSiOM		youtu.be/igVMQShNixg
Wed, 01/11/2023	AI: The Somnium Files	2	youtu.be/Mmk6jgJYGgY		youtu.be/YDoxRAHDrpc
Thu, 01/12/2023	AI: The Somnium Files	3	youtu.be/NlxwI5Mvp64		youtu.be/Ishd0if7pr4
Fri, 01/13/2023	AI: The Somnium Files	4	youtu.be/rseHHXWSP4M		youtu.be/nuitUPT1Bjo
Tue, 01/17/2023	AI: The Somnium Files	5	youtu.be/cSIzVY3BtNQ		youtu.be/VCbvisP-Noo
Wed, 01/18/2023	AI: The Somnium Files	6	youtu.be/pGDTBSFZBhg		youtu.be/7Xrk6KS71BM
Thu, 01/19/2023	AI: The Somnium Files	7	youtu.be/kasllF1HIg0		youtu.be/wo5BRPQGGIM
Fri, 01/20/2023	AI: The Somnium Files	8	youtu.be/BtgO8bzR5_k		youtu.be/Zlm9HijU5Ds
Mon, 01/30/2023	Dead Space		youtu.be/DJayLant0SU		youtu.be/hPw6rddEBuM
Tue, 01/31/2023	Hypnospace Outlaw	1	youtu.be/4UxJKwK-PMY		youtu.be/Y-HcHsrdWh8
Wed, 02/01/2023	Hypnospace Outlaw	2	youtu.be/fCXQwJr4Yxw		youtu.be/HfIz87wLPlU
Thu, 02/02/2023	Hypnospace Outlaw	3	youtu.be/uH4evNx4CNg		youtu.be/-BufmWmuPrQ
Fri, 02/03/2023	Hypnospace Outlaw	4	youtu.be/PPTEyJqqSMw		youtu.be/AoD3aSY6XuM
Tue, 02/07/2023	Half-Life 1	1	youtu.be/7VpDgA6Q51w		youtu.be/ZcLnDr0RXSE
Wed, 02/08/2023	Half-Life 1	2	youtu.be/mXyZXkeh-Dc		youtu.be/jlbAW-grB9Q
Thu, 02/09/2023	Half-Life 1	3	youtu.be/3uwpPWQG60g		youtu.be/-mzyeh_rZI8
	Half-Life: Opposing Force	1	youtu.be/3uwpPWQG60g&t=9067s		youtu.be/-mzyeh_rZI8?t=9067
Fri, 02/10/2023	Half-Life: Opposing Force	2	youtu.be/O7WoADm0qWE		youtu.be/aOh1vQofi1I
	Half-Life: Blue Shift		youtu.be/O7WoADm0qWE&t=11092s		youtu.be/aOh1vQofi1I?t=11092
Tue, 02/14/2023	Half-Life 2	1	youtu.be/qlRZuvlbg8M		youtu.be/Q95jYNZ6mzE
Wed, 02/15/2023	Half-Life 2	2	youtu.be/bQQ2suQIKqQ		youtu.be/PmINVG1Ege8
Thu, 02/16/2023	Half-Life 2	3	youtu.be/pJPO73zry5s		youtu.be/xjulW-yJ3ck
Fri, 02/17/2023	Half-Life 2	4	youtu.be/-Jj3bm_4D_0		youtu.be/aTcFWhkjoec
Tue, 02/21/2023	Half-Life 2	5	youtu.be/XhMU3rSzVyk		youtu.be/tDNK3EHYlJU
Wed, 02/22/2023	Half-Life 2	6	youtu.be/ui-5BQsuD48		youtu.be/BPJVTBarFxc
	Half-Life 2: Episode One	1	youtu.be/ui-5BQsuD48&t=12621s		youtu.be/BPJVTBarFxc?t=12621
Thu, 02/23/2023	Half-Life 2: Episode One	2	youtu.be/WNpippkAO-4		youtu.be/WiobqTjXWCo
	Half-Life 2: Episode Two		youtu.be/WNpippkAO-4&t=5309s		youtu.be/WiobqTjXWCo?t=5309
Fri, 02/24/2023	Hunt Down The Freeman		youtu.be/DEtm8Vra61s	youtu.be/Mn-FBNgR0H4	youtu.be/PE4MecC3vdo
Tue, 02/28/2023	Black Mesa	1	youtu.be/hV6ohf2wcpQ	youtu.be/Mrv7NuJKfqU	youtu.be/MgUDqFrizJE
Wed, 03/01/2023	Black Mesa	2	youtu.be/2_N4X_W55T4	youtu.be/v46h2kNqCqo	youtu.be/Wgfv9bxRPRE
Thu, 03/02/2023	Black Mesa	3	youtu.be/veaUd-W7WCw	youtu.be/F8mrjD29Jq0	youtu.be/JN5VFfhSbOA
Fri, 03/03/2023	FORSPOKEN	1	youtu.be/EwSmCc-XJE4	youtu.be/038uwYRqoUA	youtu.be/BIlQIlu7Sxs
Tue, 03/07/2023	Deadly Premonition	1	youtu.be/7qu4KfjWfHI	youtu.be/3Bc4chpDyXI	youtu.be/u3wxRgE0SXQ
Thu, 03/09/2023	Deadly Premonition	2	youtu.be/K_9Rqe6KXBo	youtu.be/bbWtHa5Ae3M	youtu.be/iJG1wq2Ao1M
Fri, 03/10/2023	Deadly Premonition	3	youtu.be/YrYtArPnlNk	youtu.be/n1fOTOdrk3A	youtu.be/xZPqIRB1P-s
Sat, 03/11/2023	FORSPOKEN	2	youtu.be/FveR_4XxWME	youtu.be/dqYUKr4jgos	youtu.be/Vw-dtkpSwiw
Tue, 03/14/2023	Deadly Premonition	4	youtu.be/xuILIfVc2aQ	youtu.be/hljUrHhd7dw	youtu.be/ktty6bVNpx4?list=PL5w7NWMnseDrPdT-EJ5yIAZBUeaEJV673
Wed, 03/15/2023	Deadly Premonition	5	youtu.be/ayCEg3muI30	youtu.be/_kuqrYgxEj0	youtu.be/SnP2ROmlQEA
Thu, 03/16/2023	Deadly Premonition	6	youtu.be/Wrpecq6iKs8	youtu.be/dk1JbOLTL-4	youtu.be/6cip4WZg6DA
Fri, 03/17/2023	Pizza Tower		youtu.be/Zk6UXK1tTUo	youtu.be/8fa5QAeyCuA	youtu.be/5UNly4Shk24
Sat, 03/18/2023	FORSPOKEN	3	youtu.be/X6aEpj1gsTQ	youtu.be/i8piK3VHXsA	youtu.be/ZuMXc-3bo4Q
Tue, 03/21/2023	Gravity Rush	1	youtu.be/zt5AFYZWzSI	youtu.be/4-ruF3e_fdk	youtu.be/RZ05ehOq2DM
Wed, 03/22/2023	Gravity Rush	2	youtu.be/lgPc4ZjKRxo	youtu.be/Pwkxdihpv6I	youtu.be/836Bmbw8gTI
Thu, 03/23/2023	Tier Lists		youtu.be/TKGIY0yCdMA	youtu.be/muJGb3ZJlPc	youtu.be/LJdJXpZixus
Fri, 03/24/2023	Gravity Rush	3	youtu.be/XwHcU6hX_8Y	youtu.be/30GzH89g9nQ	youtu.be/31cDG4_YA_s
Sat, 03/25/2023	FORSPOKEN	4	youtu.be/1CEPWhIJxjI	youtu.be/jkm8x_8TWHM	youtu.be/Spn4obP74_s?list=PL5w7NWMnseDrPdT-EJ5yIAZBUeaEJV673
Tue, 03/28/2023	13 Sentinels	1	youtu.be/bnCOL8ovqp8	youtu.be/fPEylHFFO7Y	youtu.be/j8SW8AP3VgM
Wed, 03/29/2023	13 Sentinels	2	youtu.be/sRUciuEUyEw	youtu.be/pnCmWNRve9Q	youtu.be/vPBLElNNXcY
Thu, 03/30/2023	13 Sentinels	3	youtu.be/oV49zY9DUCQ	youtu.be/E5fiNPCAYbE	youtu.be/9fRRejMGyIk
Fri, 03/31/2023	13 Sentinels	4	youtu.be/fFRfcuSP8tA	youtu.be/cHiHXC3AHNU	youtu.be/NhGYV8YlyGc
Tue, 04/04/2023	13 Sentinels	5	youtu.be/HogC1Eea2As	youtu.be/egG-9TyR3oc	youtu.be/3Yjm8YhpovA
Wed, 04/05/2023	13 Sentinels	6	youtu.be/2n3k1-Evt0c	youtu.be/nuIfn3_ksRc	youtu.be/gDi2IYxRKlI
Thu, 04/06/2023	13 Sentinels	7	youtu.be/h5xnA2Xkw_c	youtu.be/-KrHpmU2WJs	youtu.be/nbg7vCrzzj0
Fri, 04/07/2023	13 Sentinels	8	youtu.be/hJhHNdI0pJ0	youtu.be/QWSVgaO5dsk	youtu.be/2Z5Qu3OgdVY
Sat, 04/08/2023	Atomic Heart		youtu.be/IyccV7DfOhI	youtu.be/ggVkAgbTcTk	youtu.be/qhYGGk5CAgE
Tue, 04/11/2023	13 Sentinels	9	youtu.be/VawpUd3tCCI	youtu.be/mI0zKVYuHS0	youtu.be/Um1vfKjD_8Y
Wed, 04/12/2023	13 Sentinels	10	youtu.be/bjAs06-79uE	youtu.be/T-LQIuAnAp4	youtu.be/k4GRsvrvwg8
Tue, 04/25/2023	Resident Evil 4 Remake	1	youtu.be/--jjjqtwfWQ	youtu.be/oc5Gk_ZCdXc	youtu.be/P0QsYV1Ws4w
Wed, 04/26/2023	Resident Evil 4 Remake	2	youtu.be/i42NlS7-YmQ	youtu.be/HDJtdf-OKM4	youtu.be/fRpR9IeAttE
Thu, 04/27/2023	Resident Evil 4 Remake	3	youtu.be/TlE8NumNYFY	youtu.be/3NYVRPrve3Q	youtu.be/ryzPCalK5ow
Fri, 04/28/2023	Jedi: Survivor	1	youtu.be/cxo9L5O1dGo	youtu.be/JP5RorV9suI	youtu.be/oOoGkhfGC38
Sat, 04/29/2023	Jedi: Survivor	2	youtu.be/KYi3KhxK7wg	youtu.be/b0ld3FiuwZM	youtu.be/NFivlXZQkEA?list=PL5w7NWMnseDrPdT-EJ5yIAZBUeaEJV673
Tue, 05/02/2023	Jedi: Survivor	3	youtu.be/71BGOG8ZERo	youtu.be/1K6bBddylz8	youtu.be/x1kmhS3b-GI
Wed, 05/03/2023	Jedi: Survivor	4	youtu.be/vu9Fqw0CiNY	youtu.be/NXrJPCywStE	youtu.be/J08gfvKSiTY
Thu, 05/04/2023	Jedi: Survivor	5	youtu.be/-hvJ7NGEmew	youtu.be/D1akGKTYqaQ	youtu.be/4dZCxBAIPpA
Fri, 05/05/2023	Jedi: Survivor	6	youtu.be/p6g2MmSCV44	youtu.be/Xdyu_JE6D1I	youtu.be/EIRskuvfZjI
Tue, 05/09/2023	Jedi: Survivor	7	youtu.be/ODaa0QO6Y_4	youtu.be/31lb31H6MYE	youtu.be/agmkbPzjRY8
Wed, 05/10/2023	Jedi: Survivor	8	youtu.be/qXkYFi5_sOw	youtu.be/4TWWot-t33M	youtu.be/4fWW3gSR4ho
Thu, 05/11/2023	Jedi: Survivor	9	youtu.be/epu0hjKAzbs	youtu.be/HXnwPVZzU4A	youtu.be/BuBHZ_Myy1s
Fri, 05/12/2023	Jedi: Survivor	10	youtu.be/EN0SC4rzuRQ	youtu.be/SA7AELwVjKY	youtu.be/myDTVfjbNPs
Sun, 05/14/2023	Tears of the Kingdom	1	youtu.be/PuFIWOHipkA	youtu.be/KB4op9lY6lQ	youtu.be/Meo_gVgt_No
Mon, 05/15/2023	Tears of the Kingdom	2	youtu.be/JAVG2ZSHvGM	youtu.be/5O_vFAg3LlE	youtu.be/N6x9qGcPQLo
Tue, 05/16/2023	Jedi: Survivor	11	youtu.be/ra3Wek6z8ko	youtu.be/vUhxZ1LL69c	youtu.be/jz_r36UjI94
Wed, 05/17/2023	Jedi: Survivor	12	youtu.be/2wHCKkXTyQ8	youtu.be/3jVjBP5n8XE	youtu.be/MNFqS3lYdbk
Tue, 05/30/2023	Hi-Fi Rush	1	youtu.be/13-Gl58cub0	youtu.be/mEFYykG3aZM	youtu.be/tVJ05QVos0A
Wed, 05/31/2023	Hi-Fi Rush	2	youtu.be/5xOvELuyoLU	youtu.be/IIOdi8D7ah4	youtu.be/1tSJY75Nvm4
Thu, 06/01/2023	Hi-Fi Rush	3	youtu.be/eDMHFeP2rDE	youtu.be/7d1YOsPZKus	youtu.be/0HIj5lUUO9k
Fri, 06/02/2023	Gollum	1	youtu.be/Vu0pXRztaOg	youtu.be/gD0LWPbLU80	youtu.be/yjebOop7Jnw
Tue, 06/06/2023	Gravity Rush 2	1	youtu.be/ynt-YLjjXy8	youtu.be/GpW9Yuz86zg	youtu.be/lmGMO8BJxKc
Wed, 06/07/2023	Gollum	2	youtu.be/elB2WOmIr1g	youtu.be/tFmzGoqHIwc	youtu.be/9frlAaUYE-w
Thu, 06/08/2023	Summer Game Fest		youtu.be/mWpDw9uDB5c	youtu.be/G9LEYgeXzJQ	youtu.be/H-Zz6mYzcug
Fri, 06/09/2023	Gollum	3	youtu.be/VsmvHkuvc6M	youtu.be/9oEkUsJtyeo	youtu.be/vabod-M_er0
Sun, 06/11/2023	XBox Games Showcase		youtu.be/E9KTFyOOqLA	youtu.be/aeuybvgQZB8	youtu.be/ZCvBmvHhQj4
	2023 PC Gaming Show		youtu.be/E9KTFyOOqLA&t=9226s	youtu.be/aeuybvgQZB8?t=8682	youtu.be/ZCvBmvHhQj4?t=9226
Wed, 06/14/2023	Amnesia: The Bunker	1	youtu.be/t18MTzei2sI	youtu.be/yPOpprO5_F4	youtu.be/Vd2Yz2Juzyw
Thu, 06/15/2023	Amnesia: The Bunker	2	youtu.be/7cHZaLwDGLg	youtu.be/x47Wva3SZ4g	youtu.be/6jl0dEgGc10
Thu, 06/15/2023	Gravity Rush 2	2	youtu.be/Oea7SpwdUZE	youtu.be/JpUZIUGNgiE	youtu.be/kmI89rJxz0A
Fri, 06/16/2023	Gravity Rush 2	3	youtu.be/aaQLwUxTrsI	youtu.be/VJcqzzfGQf4	youtu.be/PEXlJffyGq8
	Final Fantasy XVI Demo		youtu.be/aaQLwUxTrsI&t=10457s	youtu.be/g0Fwb6f3crg	youtu.be/PEXlJffyGq8?t=10460
Tue, 06/20/2023	Gravity Rush 2	4	youtu.be/J52OxNwobnM	youtu.be/nRHMvp2PvZY	youtu.be/Trf8r10Lelw
Wed, 06/21/2023	Darkest Dungeon II		youtu.be/QbSJjeaUrS4	youtu.be/xqmAnDc1qss	youtu.be/YYWx-v9MnRc
Thu, 06/22/2023	Final Fantasy XVI	1	youtu.be/IxzV-VnGYMA	youtu.be/5Uz59vAjLcc	youtu.be/znHqV-0KwkA
Fri, 06/23/2023	Final Fantasy XVI	2	youtu.be/smp4nNzJrd0&	youtu.be/HFN9I-LaIpc	youtu.be/K6RDM7u6EzI
Tue, 06/27/2023	Final Fantasy XVI	3	youtu.be/FRmkJocbcrY	youtu.be/5beY93zFBDE	youtu.be/SzohyjssqOo?list=PL5w7NWMnseDrPdT-EJ5yIAZBUeaEJV673
Wed, 06/28/2023	Final Fantasy XVI	4	youtu.be/sR6vhQd2ys8	youtu.be/804oUxCeixU	youtu.be/OC8TBabA3Bs
Thu, 06/29/2023	Final Fantasy XVI	5	youtu.be/SsgRxQEayqQ	youtu.be/IS1YmIV8QrU	youtu.be/JkTDTBcpIoo
Fri, 06/30/2023	Final Fantasy XVI	6	youtu.be/YAkrgD9WhBE	youtu.be/mz9KgpfZZrE	youtu.be/ArAlshZ306w
Tue, 07/04/2023	Final Fantasy XVI	7	youtu.be/sJaAkCfhsLs	youtu.be/5lIsKzUJjNY	youtu.be/Y6nuZAoOhnQ
Wed, 07/05/2023	Final Fantasy XVI	8	youtu.be/6eNV-Yq4kjw	youtu.be/ZqLRNrJVLEk	youtu.be/4n1wPvbDIms
Thu, 07/06/2023	Final Fantasy XVI	9	youtu.be/nf2wIYTr41I	youtu.be/T6jmVhegHo8	youtu.be/q-Q8DK2OkqI
Fri, 07/07/2023	Final Fantasy XVI	10	youtu.be/TJuun1ggfGk	youtu.be/EHqMTq_N6yg	youtu.be/7BOAIEtHOyQ
Sat, 07/08/2023	Final Fantasy XVI	11	youtu.be/PSfHt6ule-M	youtu.be/_LQ409UL3Cw	youtu.be/9NlAHhZkyUk
Tue, 07/11/2023	Reviewing Old Videos		youtu.be/JZfWP4Y_VS0	youtu.be/62Vkjx0ngkQ	youtu.be/k7UNNyR6gCA
	Diablo IV		youtu.be/JZfWP4Y_VS0?t=6270		youtu.be/k7UNNyR6gCA?t=6270
Wed, 07/12/2023	Ghost Trick	1	youtu.be/f43y4oKFB0M	youtu.be/AmcQrzescYg	youtu.be/zG1vKSjGeok
Thu, 07/13/2023	Ghost Trick	2	youtu.be/6Gd2KutEMyU	youtu.be/LwpCquOLeAs	youtu.be/JXwx1K07GTA
Fri, 07/14/2023	Ghost Trick	3	youtu.be/S-6cWfDuTYI	youtu.be/4aun_pp8xrw	youtu.be/ylUoURRi214
Sat, 07/15/2023	Ghost Trick	4	youtu.be/WO97rqRxRpw	youtu.be/-axWDyN3sEE	youtu.be/gBCRIXhNCvA
Tue, 07/18/2023	Rabi-Ribi	1	youtu.be/Issl6Up5SOE	youtu.be/UoIjhd7ltJ8	youtu.be/V7jup1eYYCo
Wed, 07/19/2023	Rabi-Ribi	2	youtu.be/nYnERkErFXU	youtu.be/N-nfppipwK8	youtu.be/4k3_UIT9nyY
Thu, 07/20/2023	Rabi-Ribi	3	youtu.be/XV5Z69vj-wE	youtu.be/w4tVmeB-Wgk	youtu.be/H1EBvM4x1jk
Tue, 07/25/2023	Rabi-Ribi	4	youtu.be/qg_1Mx-pRgs	youtu.be/06oiRKukRn0	youtu.be/R9e3HOcWVaI
Wed, 07/26/2023	Rabi-Ribi	5	youtu.be/yt8kB7r3HUA	youtu.be/_8GReYqN6-E	youtu.be/LXP9k8YnThk
Thu, 07/27/2023	Dujanah		youtu.be/bbU4kNF2xG4	youtu.be/8ai5j5p1X_k	youtu.be/rSZHX6x2nrg
Fri, 07/28/2023	Twelve Minutes		youtu.be/y2Cx4wCveHs	youtu.be/4h2YkPmOhaI	youtu.be/-QvVJMc9UdI
Tue, 08/01/2023	AI: The Somnium Files - nirvanA Initiative	1	youtu.be/B6WHKq7r5eM	youtu.be/JDXiXUcQUSI	youtu.be/f5y58axkv54
Wed, 08/02/2023	AI: The Somnium Files - nirvanA Initiative	2	youtu.be/VvQNt-gu73c	youtu.be/b_zfi7NRzzk	youtu.be/uUjgcPaMjAg
Thu, 08/03/2023	AI: The Somnium Files - nirvanA Initiative	3	youtu.be/Unas8MDLifI	youtu.be/1I_D02sdCgc	youtu.be/mLirEtTdyUE
Fri, 08/04/2023	AI: The Somnium Files - nirvanA Initiative	4	youtu.be/zj-GiH7jd9U	youtu.be/NA3lTuvpFE0	youtu.be/YtA0WZHgFbA
Sat, 08/05/2023	AI: The Somnium Files - nirvanA Initiative	5	youtu.be/MB4lefY-3Lg	youtu.be/vpEpvlYV0rc	youtu.be/Tt20oCR3-fA
Tue, 08/08/2023	AI: The Somnium Files - nirvanA Initiative	6	youtu.be/dqbBHXDVBlA	youtu.be/dUTk7BAzSLI	youtu.be/vefOWzzBZRc
Wed, 08/09/2023	AI: The Somnium Files - nirvanA Initiative	7	youtu.be/sD8vT1HwbUc	youtu.be/H3g3nzwgqic	youtu.be/LmtuJUcI4rM
Thu, 08/10/2023	AI: The Somnium Files - nirvanA Initiative	8	youtu.be/v9_2LEvIL4U	youtu.be/7uQIcR6QfwM	youtu.be/Fz72bjZ78DE
Fri, 08/11/2023	AI: The Somnium Files - nirvanA Initiative	9	youtu.be/WFrKagjdj8w	youtu.be/tcSkAk4Po3c	youtu.be/kq8faXysFms
Sat, 08/12/2023	AI: The Somnium Files - nirvanA Initiative	10	youtu.be/6FOFvsozhuc	youtu.be/8SN2IHmlhZs	youtu.be/epsSHXhYli8
Sun, 08/13/2023	AI: The Somnium Files - nirvanA Initiative	11	youtu.be/kula_FJNvTE	youtu.be/VikADDAHkAk	youtu.be/Bd2_IE87hfc
Tue, 08/22/2023	Inscryption	1	youtu.be/NXwp4tdSRZE	youtu.be/cX1IyliSmd0	youtu.be/7RZd8C-mgkU
Wed, 08/23/2023	Inscryption	2	youtu.be/bMgSywM5eMc	youtu.be/SV6zoQ8ze5M	youtu.be/VcP1T_lAEjQ
Thu, 08/24/2023	Inscryption	3	youtu.be/fG-AclR9BWw	youtu.be/zkMmRUoBBSY	youtu.be/fJU8Ao1OAxY
Fri, 08/25/2023	Inscryption	4	youtu.be/NwqXbndtHv8		youtu.be/D5jePMYk7f0
Fri, 08/25/2023	Armored Core VI	1	youtu.be/PMs8Yhhkd20	youtu.be/E-b7-kFJZJM	youtu.be/rkzI8VIyQ4g
Sat, 08/26/2023	Armored Core VI	2	youtu.be/eciG4kEh-c4	youtu.be/E-b7-kFJZJM?t=7391	youtu.be/VsR8jXOJb7A
Tue, 08/29/2023	Armored Core VI	3	youtu.be/sofqQjiVnSg	youtu.be/E-b7-kFJZJM?t=15840	youtu.be/PhoJFqdKzkw
Wed, 08/30/2023	Armored Core VI	4	youtu.be/lrhdGe8WcvA	youtu.be/E-b7-kFJZJM?t=23520	youtu.be/kjWiW3xDTJE?list=PL5w7NWMnseDrPdT-EJ5yIAZBUeaEJV673
Fri, 09/01/2023	Starfield	1	youtu.be/mByHtn17HfI	youtu.be/R8SP4mf4BNY	youtu.be/V9A_kTOkpcw
Sun, 09/03/2023	Starfield	2	youtu.be/ZvjqF4E2zGM	youtu.be/kAPBzB7krec	youtu.be/vOkAYvNjgO0
Mon, 09/04/2023	Starfield	3	youtu.be/ymBr2oH5Y5E	youtu.be/zkyHIKyi3us	youtu.be/c7ydjGkEcdg
Tue, 09/05/2023	Starfield	4	youtu.be/jTupdDtuCVQ	youtu.be/V2bJGuKqZjM	youtu.be/R3VRVUpXkIs
Wed, 09/06/2023	Starfield	5	youtu.be/bU3IvPazoJM	youtu.be/VB8Xvcw7JJs	youtu.be/slf0ps-7Pzk
Thu, 09/07/2023	Starfield	6	youtu.be/Lm_3AjgTSlo	youtu.be/qP0qpChpuJM	youtu.be/jLmqkj-ryU0
Fri, 09/08/2023	Starfield	7	youtu.be/X2NnAB134sU	youtu.be/Kn6KRIziVk8	youtu.be/d5n6WgZz4jw
Sat, 09/09/2023	Starfield	8	youtu.be/d4h7ftx5A_0	youtu.be/aCHd_TxBDUU	youtu.be/qr7a_No3H-Q
Tue, 09/12/2023	Starfield	9	youtu.be/ffcMjVnpvOA	youtu.be/-zZImDbRxgU	youtu.be/HQMNh-L5A7s
Wed, 09/13/2023	Starfield	10	youtu.be/Mf8_1iKfakU	youtu.be/YlGt0V5eCRU	youtu.be/5jcPF2EhqD8
Thu, 09/14/2023	Starfield	11	youtu.be/2yfab4xV73Y	youtu.be/rMXrUrX_1fc	youtu.be/vea3AddpkPI
Tue, 09/19/2023	Lies of P	1	youtu.be/mlCoSde2h5Q	youtu.be/YA4fc8WGeV8	youtu.be/RkxOJFqMVno
Wed, 09/20/2023	Lies of P	2	youtu.be/glJlKFlAYaA	youtu.be/_mKx59vY0dw	youtu.be/tpQ08nFQlYM
Thu, 09/21/2023	Lies of P	3	youtu.be/S3TQiE2QNDE	youtu.be/J5-CRMWey7c	youtu.be/dGg7lUz7VA8
Fri, 09/22/2023	Lies of P	4	youtu.be/P4fXbTb8Z3g	youtu.be/xXMTuPU3LHM	youtu.be/BsPaGzBT80c
Sat, 09/23/2023	Lies of P	5	youtu.be/a9dqeNlQPK0	youtu.be/LIBWMwLMPus	youtu.be/RRw_3L_5kLM
Sun, 09/24/2023	Lies of P	6	youtu.be/3RfetIPIWsI	youtu.be/d796E0YMiTM	youtu.be/Wr1O48mIGws
Mon, 09/25/2023	Lies of P	7	youtu.be/MIAqWOFx_ug	youtu.be/cZr1Cjd0cq0	youtu.be/i4lunNQlNIY
Tue, 09/26/2023	Lies of P	8	youtu.be/-EhNsP6ryLE	youtu.be/PeYuKkebrFM	youtu.be/edXCP16Qp8Y
Tue, 09/26/2023	Sekiro		youtu.be/-EhNsP6ryLE&t=14830s	youtu.be/PeYuKkebrFM?t=9640	youtu.be/edXCP16Qp8Y?t=14830
Sun, 10/22/2023	Super Mario Bros. Wonder		youtu.be/g8eN0oFZzd8	youtu.be/N6j0vu1lgAI	youtu.be/NtDfGJYcMWM
Mon, 10/23/2023	Alan Wake	1	youtu.be/7_QzMIHyJI0	youtu.be/G9Y8tBkYnc0	youtu.be/5JRMG3IBZjM
Tue, 10/24/2023	Alan Wake	2	youtu.be/0h4uDc_QZU0	youtu.be/1JYdR12XCQU	youtu.be/tPpPys7LrLE
Wed, 10/25/2023	Alan Wake	3	youtu.be/5Ga3PY9r_HE	youtu.be/o7B9MTztY5s	youtu.be/NelqYyp_eGk
Thu, 10/26/2023	Alan Wake's American Nightmare		youtu.be/_WRo6z4gvVw	youtu.be/Sf15HnJFp40	youtu.be/wC0QR_SGUZs
	Control: AWE		youtu.be/_WRo6z4gvVw&t=17489s	youtu.be/2hCOxHH1p9U	youtu.be/wC0QR_SGUZs?t=17500
Fri, 10/27/2023	Alan Wake 2	1	youtu.be/zoEqATqeFlo	youtu.be/Qv4gmdqrXl4	youtu.be/vMKdRE3qGaQ
Sat, 10/28/2023	Alan Wake 2	2	youtu.be/su2SGw4bkkQ	youtu.be/tfhum5kOrPQ	youtu.be/PkiXFXajC58
Mon, 10/30/2023	Alan Wake 2	3	youtu.be/AWdUMeTlzYA	youtu.be/5toFWuXCbFM	youtu.be/D4Jw6kA5Rhs
Tue, 10/31/2023	Alan Wake 2	4	youtu.be/68yD3iV3E3o	youtu.be/gho8LYd4ii0	youtu.be/baSu5G24Kqc
Wed, 11/01/2023	Alan Wake 2	5	youtu.be/oAwC4QBY5qE	youtu.be/RGJzX5NMVnw	youtu.be/Xjll7T5S0A8
Thu, 11/02/2023	Alan Wake 2	6	youtu.be/cgSJ0CxytUs	youtu.be/OZfB_OgOFXU	youtu.be/JbFYqDj-O94
Sun, 11/05/2023	Slay The Princess		youtu.be/eup5EFUPGNY	youtu.be/iNot7-l-vFU	youtu.be/mL6cB_fiY98?list=PL5w7NWMnseDrPdT-EJ5yIAZBUeaEJV673
Mon, 11/27/2023	JADSEYA Nominations		youtu.be/oESA8XkGwBA	youtu.be/eHd9kQZ8NoE	youtu.be/_3kSSjxyLRo
Tue, 11/28/2023	VA-11 Hall-A	1	youtu.be/DdWTv8C0o74	youtu.be/hneTvv8phPY	youtu.be/8OfedJH1ao8
Wed, 11/29/2023	VA-11 Hall-A	2	youtu.be/R2XRW9h5KII	youtu.be/hOYIMIM86A4	youtu.be/SeJM475vSo4
Thu, 11/30/2023	VA-11 Hall-A	3	youtu.be/cUusHDHmViI	youtu.be/uoYYBAfcYFA	youtu.be/TLUGHZBNzwg
Fri, 12/01/2023	VA-11 Hall-A	4	youtu.be/aO6Brn6tVB0	youtu.be/L-Nk7ZzuY6I	youtu.be/KBmQ2Nw08Tc
Thu, 12/07/2023	Marble Races		youtu.be/_duC04HwJGI	youtu.be/JRqtiPfU5Ao	youtu.be/mb-JvWR_2xw
	2023 Game Awards		youtu.be/_duC04HwJGI&t=8348s	youtu.be/YevYq3361h4	youtu.be/mb-JvWR_2xw?t=8530
Fri, 12/29/2023	2023 JADSEYA		youtu.be/XmgVLmo2axo	youtu.be/dFlPaTtL9Ig	youtu.be/DWbS_CJp-wk
Thu, 02/29/2024	Umineko When They Cry		youtu.be/Nt7kdKeTwrc	youtu.be/bsH-QDlSeWk	youtu.be/-nCVzWy2uSc
Fri, 08/30/2024	Elden Ring DLC Video Commentary		youtu.be/G7pCHt4-QDU	youtu.be/X_k2tgyWL_A	youtu.be/qdZdq9-9570
Thu, 12/12/2024	Balatro	1	youtu.be/XkZXR6uElIY	youtu.be/fyzqjzdUzTg	youtu.be/cBsXWWjtzqc
Thu, 12/12/2024	2024 Game Awards		youtu.be/XkZXR6uElIY?t=3795	youtu.be/fyzqjzdUzTg?t=3040	youtu.be/cBsXWWjtzqc?t=3795
Thu, 12/12/2024	Balatro	1?	youtu.be/XkZXR6uElIY?t=17249	youtu.be/fyzqjzdUzTg?t=15626	youtu.be/cBsXWWjtzqc?t=17249
Fri, 12/13/2024	Balatro	2	youtu.be/4wAtxp8bs9Y	youtu.be/x-OWnwuNj-A	youtu.be/r7vNfmPE6f0
Tue, 12/17/2024	Life is Strange: Double Exposure	1	youtu.be/QPIqY2DimzA	youtu.be/R8a9uSJPLbk	youtu.be/yqTbOIXS9N4
Wed, 12/18/2024	Balatro	3	youtu.be/G5FFuqL2kbQ	youtu.be/Cs33P17IWtw	youtu.be/OL6jFvkvrnY
Wed, 12/18/2024	Life is Strange: Double Exposure	2	youtu.be/G5FFuqL2kbQ?t=4606	youtu.be/Cs33P17IWtw?t=3254	youtu.be/OL6jFvkvrnY?t=4607
Thu, 12/19/2024	Balatro	4	youtu.be/7pdim5YRMbU	youtu.be/YU4hi0hZkAA	youtu.be/RN_NEBOYU_I
Thu, 12/19/2024	Life is Strange: Double Exposure	3	youtu.be/7pdim5YRMbU?t=6216	youtu.be/YU4hi0hZkAA?t=4870	youtu.be/RN_NEBOYU_I?t=6216
Fri, 12/20/2024	Balatro	5	youtu.be/wE2p_kFsMdg	youtu.be/GIiutbjLCEk	youtu.be/-GG70uxuRVk
Fri, 12/20/2024	Life is Strange: Double Exposure	4	youtu.be/wE2p_kFsMdg?t=5405	youtu.be/GIiutbjLCEk?t=3933	youtu.be/-GG70uxuRVk?t=5405
Sat, 12/21/2024	Balatro	6	youtu.be/4O7G2IcNsKA	youtu.be/IjqpuvMx-m0	youtu.be/ipkAGKwhGIo
Sat, 12/21/2024	Life is Strange: Double Exposure	5	youtu.be/4O7G2IcNsKA?t=5276	youtu.be/IjqpuvMx-m0?t=3962	youtu.be/ipkAGKwhGIo?t=5282
Mon, 12/23/2024	Astro Bot	1	youtu.be/X_kxLBzUdRA	youtu.be/Z6ICTJlvHDo	youtu.be/e399nQHH3JI
Tue, 12/24/2024	Astro Bot	2	youtu.be/NZ1TZlGCLpQ	youtu.be/BMxo-bbSlxw	youtu.be/Y9BpMtSy31I
Thu, 12/26/2024	Marble Races		youtu.be/QxQfmSb1hrM	youtu.be/M4XG4CoMrzw	youtu.be/yG-plfDztVI
Thu, 12/26/2024	Astro Bot	3	youtu.be/QxQfmSb1hrM?t=5999	youtu.be/M4XG4CoMrzw?t=3904	youtu.be/yG-plfDztVI?t=5992
Fri, 12/27/2024	Astro Bot	4	youtu.be/MfvIMm4h6rQ	youtu.be/cu1O5GiNjR4	youtu.be/8z17zEF3Ryc
Sun, 12/29/2024	Nine Sols	1	youtu.be/J2VWcGnloUs	youtu.be/f4HX9UeJNyk	youtu.be/oP65Cc2ZcSg
Mon, 12/30/2024	Nine Sols	2	youtu.be/oOV3q68wKuk	youtu.be/PAIFs2DrtM4	youtu.be/r8CGUqnIpp4
Tue, 12/31/2024	Nine Sols	3	youtu.be/YAO4zz8oGRc	youtu.be/vQCQ9j1vqC4	youtu.be/EB-Q3x8Y2wY
Wed, 01/01/2025	Persona 3 Reload	1	youtu.be/Q7zo6RRyL8g	youtu.be/W79mwu4utKY	youtu.be/nKHoSqOI6UI
Thu, 01/02/2025	Persona 3 Reload	2	youtu.be/4x-rzZTNL4w	youtu.be/EEUPVzkuTC4	youtu.be/M1KNdGf2M78
Fri, 01/03/2025	Persona 3 Reload	3	youtu.be/gB0P8Tpmwv4	youtu.be/0Z0SpfQrFII	youtu.be/oHZXB8a39xg
Mon, 01/06/2025	Nine Sols	4	youtu.be/H3V-_uhcIv8	youtu.be/steAP5f1JJI	youtu.be/exjFb2W4gbU
Tue, 01/07/2025	Persona 3 Reload	4	youtu.be/ej6RniIZK3g	youtu.be/xUPFvvcD8QA	youtu.be/vI4wg6_a4_Y
Wed, 01/08/2025	Persona 3 Reload	5	youtu.be/_redXIJ8By8	youtu.be/FM-BUOhZS5Q	youtu.be/ek4Msvqw8Vk
Thu, 01/09/2025	Persona 3 Reload	6	youtu.be/jhIc7Y49UUA	youtu.be/xPtval-0jN0	youtu.be/1tq5TPL1dpU
Fri, 01/10/2025	Persona 3 Reload	7	youtu.be/3Zko2DD-rPA	youtu.be/vRs8d5iGJR8	youtu.be/KYys7x4JWy8
Sat, 01/11/2025	Umineko When They Cry	1	youtu.be/OG1nm227KdU	youtu.be/WH9MFI-CmOM	youtu.be/kWNrl5QyoJ8
Mon, 01/13/2025	Balatro	7	youtu.be/tLt270Rl5k4	youtu.be/LnyaCLhSy-g	youtu.be/jghNyZ_FHw8
Mon, 01/13/2025	Nine Sols	5	youtu.be/tLt270Rl5k4?t=5077	youtu.be/LnyaCLhSy-g	youtu.be/jghNyZ_FHw8?t=5077
Tue, 01/14/2025	Persona 3 Reload	8	youtu.be/UuIm3xrWT-c	youtu.be/7dDjB7Q5EE4	youtu.be/iQWGCAl3bsI
Wed, 01/15/2025	Persona 3 Reload	9	youtu.be/_26WLPoH_hc	youtu.be/0QZF93ifi9s	youtu.be/W4yPqlqC58Q
Thu, 01/16/2025	Persona 3 Reload	10	youtu.be/ZXL7cxFOfgM	youtu.be/mhpnB4c_Z0w	youtu.be/jgmfDJblCAY
Fri, 01/17/2025	Persona 3 Reload	11	youtu.be/B0Nvt9R4L8E	youtu.be/3_zAd1rh8r8	youtu.be/pmPWgYCvYO0
Sat, 01/18/2025	Umineko When They Cry	2	youtu.be/SkCLj7Pbop0	youtu.be/lZnskQvqz00	youtu.be/D8MS0jDQRJg
Tue, 01/21/2025	Persona 3 Reload	12	youtu.be/R1AeGCFJplg	youtu.be/U19rzFK1rOM	youtu.be/hhbu5h4VfdE
Wed, 01/22/2025	Persona 3 Reload	13	youtu.be/BZBKd146gNc	youtu.be/WAmtiukkLMo	youtu.be/NgzltCQpvzM
Thu, 01/23/2025	Persona 3 Reload	14	youtu.be/1x9KIABsT54	youtu.be/3w4au_SBEyU	youtu.be/0eaxO9gWgNw
Fri, 01/24/2025	Persona 3 Reload	15	youtu.be/7QoMKGwFzxQ	youtu.be/S6vK4LaI7BQ	youtu.be/hxxh3YK-_KE
Sat, 01/25/2025	Umineko When They Cry	3	youtu.be/QewfO-gffFU	youtu.be/9il3CJwoKZs	youtu.be/uwyUIdRMI4Q
Tue, 01/28/2025	Persona 3 Reload	16	youtu.be/zrrIsN5kA2o	youtu.be/MITAa6KLjv8	youtu.be/82IOCCs_eRg
Wed, 01/29/2025	Persona 3 Reload	17	youtu.be/oIANQCxuAeQ	youtu.be/3Zp7ArLBjLQ	youtu.be/JYiWxO3buVw
Thu, 01/30/2025	Persona 3 Reload	18	youtu.be/uUoSVu_sNQQ	youtu.be/tfzqtZ3678A	youtu.be/dTswlCF_5tk
Fri, 01/31/2025	Umineko When They Cry	4	youtu.be/YFZX5-t_pow	youtu.be/zfqcoVwJId4	youtu.be/6WFbXSbIsHU
Sat, 02/01/2025	Umineko When They Cry	5	youtu.be/fgEwGx50EIA	youtu.be/khAzxeh1CEw	youtu.be/8iyTfzKCTbo
Tue, 02/04/2025	Persona 3 Reload	19	youtu.be/ynnnSLr7oOs	youtu.be/Y_TuKCfhm4A	youtu.be/p-_121ES6ZI
Wed, 02/05/2025	Persona 3 Reload	20	youtu.be/4g88mKua8wU	youtu.be/hNkzARCl1mw	youtu.be/uzMCGEO2QGk
Thu, 02/06/2025	Persona 3 Reload	21	youtu.be/ppDGRxrc6UQ	youtu.be/gNdmwFjK7Kk	youtu.be/oSzC6auK5Yw
Fri, 02/07/2025	Persona 3 Reload	22	youtu.be/EWj8B3IM3Lc	youtu.be/GZq4CEACCPY	youtu.be/M4elS6DJ8R8
Sat, 02/08/2025	Umineko When They Cry	6	youtu.be/bSB5570hMiM	youtu.be/m60D501ei_8	youtu.be/pVZVv9_Smwk
Tue, 02/11/2025	Umineko When They Cry	7	youtu.be/i8PK_n5idH4	youtu.be/sTpH9v4EO0M	youtu.be/vYDvUiKUAd4
Wed, 02/12/2025	Persona 3 Reload	23	youtu.be/i0biZ3qLdpE	youtu.be/0lenihvY5oE	youtu.be/VVRFmLmmXUQ
Thu, 02/13/2025	Persona 3 Reload	24	youtu.be/FIm0jd1YhHQ	youtu.be/IrmCz-I2vWk	youtu.be/Cqde61q_5lM
Sat, 02/15/2025	Umineko When They Cry	8	youtu.be/c6Yd6qNOBjY	youtu.be/9zMkCC9nGm4	youtu.be/hwYtqkqjWLA
Tue, 02/18/2025	Umineko When They Cry	9	youtu.be/z7ZVv8aAJFk	youtu.be/-oXO-fRxYi0	youtu.be/6PJbeNZ62Rc
Wed, 02/19/2025	Persona 3 Reload	25	youtu.be/SppioNn5PPs	youtu.be/UA0eTS2ytvM	youtu.be/n39naqcV2qo?list=PL5w7NWMnseDqkPZzptuAOhv4Lr_n_2GYf
Thu, 02/20/2025	Persona 3 Reload	26	youtu.be/6qgXL3iDqVQ	youtu.be/ZsTWZjrLD94	youtu.be/KF0FYv0-q2k
Fri, 02/21/2025	Persona 3 Reload	27	youtu.be/-P_fhnawwFE	youtu.be/EYez53nxXRg?t=5	youtu.be/zCD3lEQYjfc
Sat, 02/22/2025	Umineko When They Cry	10	youtu.be/QCeP8zCqtqg	youtu.be/5fD_7KoqqIY	youtu.be/Yba5KuBa9hU
Tue, 02/25/2025	Umineko When They Cry	11	youtu.be/vMs3KHifSrA	youtu.be/jBga3FugGps	youtu.be/15U-w2EmeBg
Wed, 02/26/2025	Signalis	1	youtu.be/MWtltgCl30s	youtu.be/e-iozubME50	youtu.be/93htfqmoGOo
Thu, 02/27/2025	Signalis	2	youtu.be/LxwuaIqadZI	youtu.be/45pejGPO0ok	youtu.be/T38Mwne6k8s
Fri, 02/28/2025	Signalis	3	youtu.be/sY4tYBmgIok	youtu.be/ek3NyU0jXf0	youtu.be/HJGQANVc5aA
Sat, 03/01/2025	Umineko When They Cry	12	youtu.be/-ynGMGhD2co	youtu.be/Udl4NkFL4Vs	youtu.be/HwC9qZ2pZaI
Thu, 03/06/2025	Helldivers 2		youtu.be/VOmikN6R8oo	youtu.be/chG1KydFsTo	youtu.be/UYG6GSgwb8c
Fri, 03/07/2025	Umineko When They Cry	13	youtu.be/UwqoWzzLB_E	youtu.be/_eHPELGhPRg	youtu.be/U0j5dWSDRS0
Sat, 03/08/2025	Umineko When They Cry	14	youtu.be/163xadZSLpc	youtu.be/hTFfjlUtUUc	youtu.be/-6Edca4Pdgk
Tue, 03/11/2025	Umineko When They Cry	15	youtu.be/pFafYIaNuuw	youtu.be/4bXn--HuEz0	youtu.be/OIe95TtBDMM
Wed, 03/12/2025	Returnal	1	youtu.be/nZ2_29_kIMc	youtu.be/pBOFIDOzCEk	youtu.be/fFG8iJrEVS0
Thu, 03/13/2025	Returnal	2	youtu.be/skV10y87zdw	youtu.be/nEIjplIN-hQ	youtu.be/X0dHxJIhcLs
Fri, 03/14/2025	Returnal	3	youtu.be/oUIolzpNDrg	youtu.be/YM01gAo_tCE	youtu.be/Dd9AnTTMiho
Sat, 03/15/2025	Umineko When They Cry	16	youtu.be/thvwBozAJ5s	youtu.be/9PwFkMf2ego	youtu.be/N5eDoF96Rto
Tue, 03/18/2025	Umineko When They Cry	17	youtu.be/QbP2RBbz4hU	youtu.be/QPdB9YtFAyA	youtu.be/XW2XRccoAIg
Wed, 03/19/2025	Baldur's Gate 3		youtu.be/A8a-xUERIDY	youtu.be/SbnEHVwY3Xk	youtu.be/9y7UMtHdC7k
	Returnal	4	youtu.be/A8a-xUERIDY?t=4030	youtu.be/SbnEHVwY3Xk?t=3339	youtu.be/9y7UMtHdC7k?t=4031
	The Looker		youtu.be/A8a-xUERIDY?t=14643	youtu.be/SbnEHVwY3Xk?t=11763	youtu.be/9y7UMtHdC7k?t=14790
Thu, 03/20/2025	Web Games		youtu.be/TH6E9yAedTw	youtu.be/prTsswrOEOA	youtu.be/MGzeDdAZsXw
	1000xRESIST	1	youtu.be/TH6E9yAedTw?t=4989	youtu.be/prTsswrOEOA?t=3463	youtu.be/MGzeDdAZsXw?t=4989
Fri, 03/21/2025	1000xRESIST	2	youtu.be/8aVLi92dRk0	youtu.be/Fgv5d_D3BlY	youtu.be/mRwN71E9_R0
Sat, 03/22/2025	Umineko When They Cry	18	youtu.be/2ZvgzyQ7y5k	youtu.be/Zgm1X7ofuco	youtu.be/AW8MRBaa5q8
Tue, 03/25/2025	UFO 50		youtu.be/vHeVYX_efag	youtu.be/DhJxzXgNrK0	youtu.be/0RFroPKe7Eg?list=PL5w7NWMnseDqkPZzptuAOhv4Lr_n_2GYf
Tue, 03/25/2025	Umineko When They Cry	19	youtu.be/vHeVYX_efag?t=12435	youtu.be/DhJxzXgNrK0?t=8248	youtu.be/D0C8tx6GlZY?t=11398
Wed, 03/26/2025	1000xRESIST	3	youtu.be/l0Iyh3h2DaY	youtu.be/zom-WvCaP_Y	youtu.be/plUsDpDjbPs
Thu, 03/27/2025	1000xRESIST	4	youtu.be/hX-DdXGby0I	youtu.be/Wx5j5lgSEqw	youtu.be/3JjmvAhfmXU
Fri, 03/28/2025	Youtube Test Streams		youtu.be/nuLgQdp53YE?list=PLQnzq4WSk8hydPQA9-aZjgVQUEF3D2xH2	youtu.be/TCHKYlBOBUY	
	1000xRESIST	5	youtu.be/Uf9xiItqQqk	youtu.be/TCHKYlBOBUY?t=1986	youtu.be/zD8Iw5De3LA?list=PL5w7NWMnseDqkPZzptuAOhv4Lr_n_2GYf
Sat, 03/29/2025	Umineko When They Cry	20	youtu.be/x1en7yGwgmA	youtu.be/3v0EPSXG-_g	youtu.be/2A4HXxb8bbQ